source,tier,name,iconItemId,iconKey
COLLECTION_LOG,EASY,Get bolt racks from Barrows,,
COLLECTION_LOG,EASY,Get a Mole claw + skin,,
COLLECTION_LOG,EASY,Get 1 Unique from Wintertodt,,
COLLECTION_LOG,EASY,Get 1 Unique from Wintertodt,,
COLLECTION_LOG,EASY,Get 1 Unique from Wintertodt,,
COLLECTION_LOG,EASY,Get 1 Unique from Wintertodt,,
COLLECTION_LOG,EASY,Get 1 Unique from Wintertodt,,
COLLECTION_LOG,EASY,Get 3 new uniques from beginner clues,,
COLLECTION_LOG,EASY,Get 3 new uniques from beginner clues,,
COLLECTION_LOG,EASY,Get 5 new uniques from easy clues,,
COLLECTION_LOG,EASY,Get 5 new uniques from easy clues,,
COLLECTION_LOG,EASY,Get 5 new uniques from easy clues,,
COLLECTION_LOG,EASY,Get 5 new uniques from easy clues,,
COLLECTION_LOG,EASY,Get 5 new uniques from easy clues,,
COLLECTION_LOG,EASY,Get 5 new uniques from easy clues,,
COLLECTION_LOG,EASY,Get 5 new uniques from medium clues,,
COLLECTION_LOG,EASY,Get 5 new uniques from medium clues,,
COLLECTION_LOG,EASY,Get 5 new uniques from medium clues,,
COLLECTION_LOG,EASY,Get 5 new uniques from medium clues,,
COLLECTION_LOG,EASY,Get 5 new uniques from hard clues,,
COLLECTION_LOG,EASY,Get 5 new uniques from hard clues,,
COLLECTION_LOG,EASY,Get Runner boots,,
COLLECTION_LOG,EASY,Get Penance gloves,,
COLLECTION_LOG,EASY,Get a Granite body,,
COLLECTION_LOG,EASY,Get 1 new halo,,
COLLECTION_LOG,EASY,Get the full Red decorative set,,
COLLECTION_LOG,EASY,Get the Zamorak hood & cloak,,
COLLECTION_LOG,EASY,Get the Saradomin hood & cloak,,
COLLECTION_LOG,EASY,Get 1 Angler piece,,
COLLECTION_LOG,EASY,Get 1 Angler piece,,
COLLECTION_LOG,EASY,Get 1 Angler piece,,
COLLECTION_LOG,EASY,Get 1 Angler piece,,
COLLECTION_LOG,EASY,Get 1 new unique from Gnome Restaurant,,
COLLECTION_LOG,EASY,Upgrade the MTA wand once,,
COLLECTION_LOG,EASY,Unlock bones to peaches,,
COLLECTION_LOG,EASY,Get Infinity boots,,
COLLECTION_LOG,EASY,Get Infinity gloves,,
COLLECTION_LOG,EASY,Get a Void Knight seal,,
COLLECTION_LOG,EASY,Get Void Knight gloves,,
COLLECTION_LOG,EASY,Get 1 piece of Rogue equipment,,
COLLECTION_LOG,EASY,Get 1 piece of Rogue equipment,,
COLLECTION_LOG,EASY,Get 1 unique from Shades of Mort'ton,,
COLLECTION_LOG,EASY,Get 1 unique from Shades of Mort'ton,,
COLLECTION_LOG,EASY,Get 1 piece of Lumberjack equipment,,
COLLECTION_LOG,EASY,Get the Gricoller's can,,
COLLECTION_LOG,EASY,Get 1 piece of Farmer's equipment,,
COLLECTION_LOG,EASY,Get Blue Rum,,
COLLECTION_LOG,EASY,Get Red Rum,,
COLLECTION_LOG,EASY,Get The stuff,,
COLLECTION_LOG,EASY,Get the Pearl fishing rod,,
COLLECTION_LOG,EASY,Get 1 unique Champion scroll,,
COLLECTION_LOG,EASY,Get the Marksman headpiece,,
COLLECTION_LOG,EASY,Get a Tea flask,,
COLLECTION_LOG,EASY,Get a Rune satchel,,
COLLECTION_LOG,EASY,Get a Green satchel,,
COLLECTION_LOG,EASY,Get a Red satchel,,
COLLECTION_LOG,EASY,Get a Black satchel,,
COLLECTION_LOG,EASY,Get a Rune defender,,
COLLECTION_LOG,EASY,Get 2 unique notes from Fossil Island,,
COLLECTION_LOG,EASY,Get 2 unique notes from Fossil Island,,
COLLECTION_LOG,EASY,Get 1 piece of Prospector equipment,,
COLLECTION_LOG,EASY,Get 1 piece of Prospector equipment,,
COLLECTION_LOG,EASY,Get 1 piece of Prospector equipment,,
COLLECTION_LOG,EASY,Get 1 piece of Prospector equipment,,
COLLECTION_LOG,EASY,Get 2 unique Ancient pages,,
COLLECTION_LOG,EASY,Get 2 unique Ancient pages,,
COLLECTION_LOG,EASY,Get Revenant ether,,
COLLECTION_LOG,EASY,Get 1 piece of Graceful equipment,,
COLLECTION_LOG,EASY,Get 1 piece of Graceful equipment,,
COLLECTION_LOG,EASY,Get 1 piece of Graceful equipment,,
COLLECTION_LOG,EASY,Get a Crawling hand,,
COLLECTION_LOG,EASY,Get a Cockatrice head,,
COLLECTION_LOG,EASY,Get 1 unique from Mogres,,
COLLECTION_LOG,EASY,Get 1 unique from Mogres,,
COLLECTION_LOG,EASY,Get a Brine sabre,,
COLLECTION_LOG,EASY,Get 1 unique from Turoths,,
COLLECTION_LOG,EASY,Get 1 unique from Turoths,,
COLLECTION_LOG,EASY,Get a Black mask,,
COLLECTION_LOG,EASY,Get the next tier of metal boots,,
COLLECTION_LOG,EASY,Get the next tier of metal boots,,
COLLECTION_LOG,EASY,Get the next tier of metal boots,,
COLLECTION_LOG,EASY,Get the next tier of metal boots,,
COLLECTION_LOG,EASY,Get the next tier of metal boots,,
COLLECTION_LOG,EASY,Get a Mystic hat (light),,
COLLECTION_LOG,EASY,Get Mystic gloves (light),,
COLLECTION_LOG,EASY,Get Mystic boots (light),,
COLLECTION_LOG,EASY,Get 1 unique from Infernal Mages,,
COLLECTION_LOG,EASY,Get 1 unique from Infernal Mages,,
COLLECTION_LOG,EASY,Get Mystic gloves (dark),,
COLLECTION_LOG,EASY,Get 1 unique Tzhaar drop,,
COLLECTION_LOG,EASY,Get 1 unique Tzhaar drop,,
COLLECTION_LOG,EASY,Get a Big swordfish,,
COLLECTION_LOG,EASY,Get a Big bass,,
COLLECTION_LOG,EASY,Get a Long bone,,
COLLECTION_LOG,EASY,Get an Ecumenical key,,
COLLECTION_LOG,EASY,Get 1 unique Dark totem piece / Ancient shard,,
COLLECTION_LOG,EASY,Get 1 unique Dark totem piece / Ancient shard,,
COLLECTION_LOG,EASY,Get 1 unique Dark totem piece / Ancient shard,,
COLLECTION_LOG,EASY,Get 1 unique Dark totem piece / Ancient shard,,
COLLECTION_LOG,EASY,Get Mining gloves,,
COLLECTION_LOG,EASY,Get a Right skull half,,
COLLECTION_LOG,EASY,Get a Left skull half,,
COLLECTION_LOG,EASY,Get a Top of sceptre,,
COLLECTION_LOG,EASY,Get a Bottom of sceptre,,
COLLECTION_LOG,EASY,Get a Mossy key,,
COLLECTION_LOG,EASY,Get a Giant key,,
COLLECTION_LOG,EASY,Get a Fresh crab claw & Fresh crab shell,,
COLLECTION_LOG,EASY,Get a Xeric's talisman (inert),,
COLLECTION_LOG,EASY,Complete the Ardougne Easy Diary,,
COLLECTION_LOG,EASY,Complete the Desert Easy Diary,,
COLLECTION_LOG,EASY,Complete the Falador Easy Diary,,
COLLECTION_LOG,EASY,Complete the Fremennik Easy Diary,,
COLLECTION_LOG,EASY,Complete the Kandarin Easy Diary,,
COLLECTION_LOG,EASY,Complete the Karamja Easy Diary,,
COLLECTION_LOG,EASY,Complete the Kourend&Kebos Easy Diary,,
COLLECTION_LOG,EASY,Complete the Lumbridge&Draynor Easy Diary,,
COLLECTION_LOG,EASY,Complete the Morytania Easy Diary,,
COLLECTION_LOG,EASY,Complete the Varrock Easy Diary,,
COLLECTION_LOG,EASY,Complete the Western Provinces Easy Diary,,
COLLECTION_LOG,EASY,Complete the Wilderness Easy Diary,,
COLLECTION_LOG,EASY,Get a Supply crate from Mahogany Homes,,
COLLECTION_LOG,EASY,Get 1 unique from Tempoross,,
COLLECTION_LOG,EASY,Get 1 unique from Tempoross,,
COLLECTION_LOG,EASY,Get 1 unique from Tempoross,,
COLLECTION_LOG,EASY,Get 1 unique from Tempoross,,
COLLECTION_LOG,EASY,Get 5 unique items at Camdozaal,,
COLLECTION_LOG,EASY,Get 5 unique items at Camdozaal,,
COLLECTION_LOG,EASY,Get 1 unique from Guardians of the Rift,,
COLLECTION_LOG,EASY,Get 1 unique from Guardians of the Rift,,
COLLECTION_LOG,EASY,Get 1 unique from Guardians of the Rift,,
COLLECTION_LOG,EASY,Get 1 unique from Guardians of the Rift,,
COLLECTION_LOG,EASY,Get 1 unique from Giants' Foundry,,
COLLECTION_LOG,EASY,Get 1 unique from Giants' Foundry,,
COLLECTION_LOG,EASY,Get 1 unique from Giants' Foundry,,
COLLECTION_LOG,EASY,Get 1 unique from Giants' Foundry,,
COLLECTION_LOG,EASY,Get 1 unique from Forestry,,
COLLECTION_LOG,EASY,Get 1 unique from Forestry,,
COLLECTION_LOG,EASY,Get 1 unique from Forestry,,
COLLECTION_LOG,EASY,Get 1 unique from Forestry,,
COLLECTION_LOG,EASY,Get 1 unique from Forestry,,
COLLECTION_LOG,EASY,Get 1 unique from Forestry,,
COLLECTION_LOG,EASY,Get a Warped sceptre,,
COLLECTION_LOG,EASY,Get 1 unique from the Hunter Guild,,
COLLECTION_LOG,EASY,Get the Sulphur blades,,
COLLECTION_LOG,EASY,Get a Colossal wyrm teleport scroll,,
COLLECTION_LOG,EASY,Upgrade the MTA wand once,,
COLLECTION_LOG,EASY,Upgrade the MTA wand once,,
COLLECTION_LOG,EASY,Get 1 piece of Rogue equipment,,
COLLECTION_LOG,EASY,Get 1 piece of Rogue equipment,,
COLLECTION_LOG,EASY,Get 1 piece of Rogue equipment,,
COLLECTION_LOG,EASY,Get 1 piece of Lumberjack equipment,,
COLLECTION_LOG,EASY,Get 1 piece of Lumberjack equipment,,
COLLECTION_LOG,EASY,Get 1 piece of Lumberjack equipment,,
COLLECTION_LOG,EASY,Get 1 piece of Farmer's equipment,,
COLLECTION_LOG,EASY,Get a Gold satchel,,
COLLECTION_LOG,EASY,Get a Plain satchel,,
COLLECTION_LOG,EASY,Get 2 unique Ancient pages,,
COLLECTION_LOG,EASY,Get 2 unique Ancient pages,,
COLLECTION_LOG,EASY,Get 1 piece of Graceful equipment,,
COLLECTION_LOG,EASY,Get 1 piece of Graceful equipment,,
COLLECTION_LOG,EASY,Get 1 piece of Graceful equipment,,
COLLECTION_LOG,EASY,Get 1 unique from Vale Totems,,
COLLECTION_LOG,EASY,Get 1 unique from Vale Totems,,
COLLECTION_LOG,EASY,Get a Gryphon feather,,
COLLECTION_LOG,EASY,Get the next reward from The Tempor Tantrum,,
COLLECTION_LOG,EASY,Get the next reward from The Tempor Tantrum,,
COLLECTION_LOG,EASY,Get the next reward from The Tempor Tantrum,,
COLLECTION_LOG,EASY,Get the Shark paint,,
COLLECTION_LOG,EASY,Get the Salvaging station schematic,,
COLLECTION_LOG,EASY,Get Ray barbs,,
COLLECTION_LOG,EASY,Get a Boat bottle (empty),,
COLLECTION_LOG,EASY,Get a Sea Treasure,,
COLLECTION_LOG,EASY,Get a Sea Treasure,,
COLLECTION_LOG,EASY,Get a Sea Treasure,,
COLLECTION_LOG,EASY,Get a Sea Treasure,,
COMBAT_ACHIEVEMENT,EASY,Noxious Foe,,
COMBAT_ACHIEVEMENT,EASY,Barrows Novice,,
COMBAT_ACHIEVEMENT,EASY,Defence? What Defence?,,
COMBAT_ACHIEVEMENT,EASY,"Big, Black and Fiery",,
COMBAT_ACHIEVEMENT,EASY,The Demonic Punching Bag,,
COMBAT_ACHIEVEMENT,EASY,Preparation Is Key,,
COMBAT_ACHIEVEMENT,EASY,Fighting as Intended II,,
COMBAT_ACHIEVEMENT,EASY,Bryophyta Novice,,
COMBAT_ACHIEVEMENT,EASY,Protection from Moss,,
COMBAT_ACHIEVEMENT,EASY,A Slow Death,,
COMBAT_ACHIEVEMENT,EASY,Deranged Archaeologist Novice,,
COMBAT_ACHIEVEMENT,EASY,The Walking Volcano,,
COMBAT_ACHIEVEMENT,EASY,Giant Mole Novice,,
COMBAT_ACHIEVEMENT,EASY,Not So Great After All,,
COMBAT_ACHIEVEMENT,EASY,A Greater Foe,,
COMBAT_ACHIEVEMENT,EASY,A Demon's Best Friend,,
COMBAT_ACHIEVEMENT,EASY,King Black Dragon Novice,,
COMBAT_ACHIEVEMENT,EASY,Shayzien Protector,,
COMBAT_ACHIEVEMENT,EASY,A Scaley Encounter,,
COMBAT_ACHIEVEMENT,EASY,Into the Den of Giants,,
COMBAT_ACHIEVEMENT,EASY,Fighting as Intended,,
COMBAT_ACHIEVEMENT,EASY,Sleeping Giant,,
COMBAT_ACHIEVEMENT,EASY,Obor Novice,,
COMBAT_ACHIEVEMENT,EASY,Sarachnis Novice,,
COMBAT_ACHIEVEMENT,EASY,Scurrius Novice,,
COMBAT_ACHIEVEMENT,EASY,Sit Rat,,
COMBAT_ACHIEVEMENT,EASY,Calm Before the Storm,,
COMBAT_ACHIEVEMENT,EASY,Master of Buckets,,
COMBAT_ACHIEVEMENT,EASY,Tempoross Novice,,
COMBAT_ACHIEVEMENT,EASY,Fire in the Hole!,,
COMBAT_ACHIEVEMENT,EASY,Mummy!,,
COMBAT_ACHIEVEMENT,EASY,Handyman,,
COMBAT_ACHIEVEMENT,EASY,Cosy,,
COMBAT_ACHIEVEMENT,EASY,Wintertodt Novice,,
COMBAT_ACHIEVEMENT,EASY,A Slithery Encounter,,
COMBAT_ACHIEVEMENT,EASY,Elemental Company,,
COMBAT_ACHIEVEMENT,EASY,Let them fight,,
COMBAT_ACHIEVEMENT,EASY,One by one,,
COLLECTION_LOG,MEDIUM,Get a Fighter torso,,
COLLECTION_LOG,MEDIUM,Get 1 unique from Barrows,,
COLLECTION_LOG,MEDIUM,Get 1 unique from Barrows,,
COLLECTION_LOG,MEDIUM,Get 1 unique from Barrows,,
COLLECTION_LOG,MEDIUM,Get 1 unique from Barrows,,
COLLECTION_LOG,MEDIUM,Get 1 unique from Barrows,,
COLLECTION_LOG,MEDIUM,Get 1 unique from Crazy Archeologist,,
COLLECTION_LOG,MEDIUM,Get 1 unique from Crazy Archeologist,,
COLLECTION_LOG,MEDIUM,Get 1 unique from Crazy Archeologist,,
COLLECTION_LOG,MEDIUM,Get a Fire cape,,
COLLECTION_LOG,MEDIUM,Get Granite dust,,
COLLECTION_LOG,MEDIUM,Get a Hill giant club,,
COLLECTION_LOG,MEDIUM,Get 1 Unique from Wintertodt,,
COLLECTION_LOG,MEDIUM,Get 1 Unique from Wintertodt,,
COLLECTION_LOG,MEDIUM,Get 1 Unique from Wintertodt,,
COLLECTION_LOG,MEDIUM,Get 1 Unique from Zulrah,,
COLLECTION_LOG,MEDIUM,Get 1 Unique from Zulrah,,
COLLECTION_LOG,MEDIUM,Get 3 new uniques from beginner clues,,
COLLECTION_LOG,MEDIUM,Get 3 new uniques from beginner clues,,
COLLECTION_LOG,MEDIUM,Get 5 new uniques from easy clues,,
COLLECTION_LOG,MEDIUM,Get 5 new uniques from easy clues,,
COLLECTION_LOG,MEDIUM,Get 5 new uniques from easy clues,,
COLLECTION_LOG,MEDIUM,Get 5 new uniques from easy clues,,
COLLECTION_LOG,MEDIUM,Get 5 new uniques from easy clues,,
COLLECTION_LOG,MEDIUM,Get 5 new uniques from easy clues,,
COLLECTION_LOG,MEDIUM,Get 5 new uniques from medium clues,,
COLLECTION_LOG,MEDIUM,Get 5 new uniques from medium clues,,
COLLECTION_LOG,MEDIUM,Get 5 new uniques from medium clues,,
COLLECTION_LOG,MEDIUM,Get 5 new uniques from medium clues,,
COLLECTION_LOG,MEDIUM,Get 5 new uniques from hard clues,,
COLLECTION_LOG,MEDIUM,Get 5 new uniques from hard clues,,
COLLECTION_LOG,MEDIUM,Get 5 new uniques from hard clues,,
COLLECTION_LOG,MEDIUM,Get 5 new uniques from hard clues,,
COLLECTION_LOG,MEDIUM,Get a Fighter hat,,
COLLECTION_LOG,MEDIUM,Get a Healer hat,,
COLLECTION_LOG,MEDIUM,Get a Runner hat,,
COLLECTION_LOG,MEDIUM,Get a Ranger hat,,
COLLECTION_LOG,MEDIUM,Get a Granite helm,,
COLLECTION_LOG,MEDIUM,Get 1 new halo,,
COLLECTION_LOG,MEDIUM,Get the Decorative ranged set,,
COLLECTION_LOG,MEDIUM,Get the Decorative magic set,,
COLLECTION_LOG,MEDIUM,Get 1 new unique from Gnome Restaurant,,
COLLECTION_LOG,MEDIUM,Get 1 new unique from Gnome Restaurant,,
COLLECTION_LOG,MEDIUM,Upgrade the MTA wand once,,
COLLECTION_LOG,MEDIUM,Get an Infinity hat,,
COLLECTION_LOG,MEDIUM,Get a Mage's book,,
COLLECTION_LOG,MEDIUM,Get a Void melee helm,,
COLLECTION_LOG,MEDIUM,Get a Void magic helm,,
COLLECTION_LOG,MEDIUM,Get a Void ranger helm,,
COLLECTION_LOG,MEDIUM,Get a Void Knight top,,
COLLECTION_LOG,MEDIUM,Get a Void Knight robe,,
COLLECTION_LOG,MEDIUM,Get 1 unique from Shades of Mort'ton,,
COLLECTION_LOG,MEDIUM,Get 1 unique from Shades of Mort'ton,,
COLLECTION_LOG,MEDIUM,Get 1 unique from Shades of Mort'ton,,
COLLECTION_LOG,MEDIUM,Get 1 piece of Farmer's equipment,,
COLLECTION_LOG,MEDIUM,Get 1 piece of Farmer's equipment,,
COLLECTION_LOG,MEDIUM,Get the Seed box,,
COLLECTION_LOG,MEDIUM,Get 1 Naval set,,
COLLECTION_LOG,MEDIUM,Get 1 Naval set,,
COLLECTION_LOG,MEDIUM,Get the Cutthroat flag,,
COLLECTION_LOG,MEDIUM,Get the Guilded smile flag,,
COLLECTION_LOG,MEDIUM,Get the Pearl fly fishing rod,,
COLLECTION_LOG,MEDIUM,Get the Pearl barbarian rod,,
COLLECTION_LOG,MEDIUM,Get 1 unique Champion scroll,,
COLLECTION_LOG,MEDIUM,Get 1 unique Champion scroll,,
COLLECTION_LOG,MEDIUM,Get 1 unique Elder chaos robe piece,,
COLLECTION_LOG,MEDIUM,Get 1 unique Elder chaos robe piece,,
COLLECTION_LOG,MEDIUM,Get the Ogre forester headpiece,,
COLLECTION_LOG,MEDIUM,Get a Dragon defender,,
COLLECTION_LOG,MEDIUM,Get 2 unique notes from Fossil Island,,
COLLECTION_LOG,MEDIUM,Get 2 unique notes from Fossil Island,,
COLLECTION_LOG,MEDIUM,Get 2 unique notes from Fossil Island,,
COLLECTION_LOG,MEDIUM,Get the Coal bag,,
COLLECTION_LOG,MEDIUM,Get the Gem bag,,
COLLECTION_LOG,MEDIUM,Get 2 unique Ancient pages,,
COLLECTION_LOG,MEDIUM,Get 2 unique Ancient pages,,
COLLECTION_LOG,MEDIUM,Get 2 unique Ancient pages,,
COLLECTION_LOG,MEDIUM,Get 2 unique Ancient pages,,
COLLECTION_LOG,MEDIUM,Get tier 5 Shayzien armour,,
COLLECTION_LOG,MEDIUM,Get a Basilisk head,,
COLLECTION_LOG,MEDIUM,Get 1 unique from Gargoyles,,
COLLECTION_LOG,MEDIUM,Get 1 unique from Gargoyles,,
COLLECTION_LOG,MEDIUM,Get 1 unique from Kurasks,,
COLLECTION_LOG,MEDIUM,Get 1 unique from Kurasks,,
COLLECTION_LOG,MEDIUM,Get a Granite longsword,,
COLLECTION_LOG,MEDIUM,Get Granite legs,,
COLLECTION_LOG,MEDIUM,Get the next tier of metal boots,,
COLLECTION_LOG,MEDIUM,Get the next tier of metal boots,,
COLLECTION_LOG,MEDIUM,Get a Mystic robe bottom (dark),,
COLLECTION_LOG,MEDIUM,Get 1 unique Tzhaar drop,,
COLLECTION_LOG,MEDIUM,Get 1 unique Tzhaar drop,,
COLLECTION_LOG,MEDIUM,Get 1 unique Tzhaar drop,,
COLLECTION_LOG,MEDIUM,Get 1 unique Tzhaar drop,,
COLLECTION_LOG,MEDIUM,Get a Big shark,,
COLLECTION_LOG,MEDIUM,Get a Curved bone,,
COLLECTION_LOG,MEDIUM,Get a Shaman mask,,
COLLECTION_LOG,MEDIUM,Get Superior mining gloves,,
COLLECTION_LOG,MEDIUM,Get a Bracelet of ethereum or Rev cave teleport,,
COLLECTION_LOG,MEDIUM,Get a Bracelet of ethereum or Rev cave teleport,,
COLLECTION_LOG,MEDIUM,Complete the Ardougne Medium Diary,,
COLLECTION_LOG,MEDIUM,Complete the Desert Medium Diary,,
COLLECTION_LOG,MEDIUM,Complete the Falador Medium Diary,,
COLLECTION_LOG,MEDIUM,Complete the Fremennik Medium Diary,,
COLLECTION_LOG,MEDIUM,Complete the Kandarin Medium Diary,,
COLLECTION_LOG,MEDIUM,Complete the Karamja Medium Diary,,
COLLECTION_LOG,MEDIUM,Complete the Kourend&Kebos Medium Diary,,
COLLECTION_LOG,MEDIUM,Complete the Lumbridge&Draynor Medium Diary,,
COLLECTION_LOG,MEDIUM,Complete the Morytania Medium Diary,,
COLLECTION_LOG,MEDIUM,Complete the Varrock Medium Diary,,
COLLECTION_LOG,MEDIUM,Complete the Western Provinces Medium Diary,,
COLLECTION_LOG,MEDIUM,Complete the Wilderness Medium Diary,,
COLLECTION_LOG,MEDIUM,Get a Mask of Ranul,,
COLLECTION_LOG,MEDIUM,Get a Giant egg sac(full),,
COLLECTION_LOG,MEDIUM,Get a Herb sack,,
COLLECTION_LOG,MEDIUM,Get a Plank sack,,
COLLECTION_LOG,MEDIUM,Get 1 piece of Carpenter equipment,,
COLLECTION_LOG,MEDIUM,Get 1 piece of Carpenter equipment,,
COLLECTION_LOG,MEDIUM,Get an Ectoplasmator,,
COLLECTION_LOG,MEDIUM,Get a Penance skirt,,
COLLECTION_LOG,MEDIUM,Get a Ward upgrade kit,,
COLLECTION_LOG,MEDIUM,Get a Granite clamp,,
COLLECTION_LOG,MEDIUM,Get a Volcanic whip mix,,
COLLECTION_LOG,MEDIUM,Get a Frozen whip mix,,
COLLECTION_LOG,MEDIUM,Get a Steam staff upgrade kit,,
COLLECTION_LOG,MEDIUM,Get a Lava staff upgrade kit,,
COLLECTION_LOG,MEDIUM,Get a Dragon pickaxe upgrade kit,,
COLLECTION_LOG,MEDIUM,Get an Ornate maul handle,,
COLLECTION_LOG,MEDIUM,Get a Celestial ring,,
COLLECTION_LOG,MEDIUM,Get a Star fragment,,
COLLECTION_LOG,MEDIUM,Get 1 unique from Tempoross,,
COLLECTION_LOG,MEDIUM,Get 1 unique from Tempoross,,
COLLECTION_LOG,MEDIUM,Get 1 unique from Tempoross,,
COLLECTION_LOG,MEDIUM,Get the Merfolk trident,,
COLLECTION_LOG,MEDIUM,Get 1 unique from Tempoross,,
COLLECTION_LOG,MEDIUM,Get 1 unique from Tempoross,,
COLLECTION_LOG,MEDIUM,Get 1 unique from Guardians of the Rift,,
COLLECTION_LOG,MEDIUM,Get 1 unique from Guardians of the Rift,,
COLLECTION_LOG,MEDIUM,Get 1 unique from Guardians of the Rift,,
COLLECTION_LOG,MEDIUM,Get 1 unique from Guardians of the Rift,,
COLLECTION_LOG,MEDIUM,Get 1 unique from Giants' Foundry,,
COLLECTION_LOG,MEDIUM,Get 1 unique from Giants' Foundry,,
COLLECTION_LOG,MEDIUM,Get 1 unique from Giants' Foundry,,
COLLECTION_LOG,MEDIUM,Get 1 unique from Giants' Foundry,,
COLLECTION_LOG,MEDIUM,Get 1 unique from Forestry,,
COLLECTION_LOG,MEDIUM,Get 1 unique from Forestry,,
COLLECTION_LOG,MEDIUM,Get 1 unique from Forestry,,
COLLECTION_LOG,MEDIUM,Get 1 unique from Forestry,,
COLLECTION_LOG,MEDIUM,Get a Scurrius' spine,,
COLLECTION_LOG,MEDIUM,Get 1 Unique from Armoured zombies,,
COLLECTION_LOG,MEDIUM,Get 1 Unique from Armoured zombies,,
COLLECTION_LOG,MEDIUM,Get 1 unique from the Hunter Guild,,
COLLECTION_LOG,MEDIUM,Get 1 unique from Moons of Peril,,
COLLECTION_LOG,MEDIUM,Get 1 unique from Moons of Peril,,
COLLECTION_LOG,MEDIUM,Get 1 unique from Moons of Peril,,
COLLECTION_LOG,MEDIUM,Get 1 unique from Moons of Peril,,
COLLECTION_LOG,MEDIUM,Get a Calcified acorn,,
COLLECTION_LOG,MEDIUM,Get 1 Alchemist outift piece,,
COLLECTION_LOG,MEDIUM,Get 1 Alchemist outift piece,,
COLLECTION_LOG,MEDIUM,Get 1 Alchemist outift piece,,
COLLECTION_LOG,MEDIUM,Get 1 unique from Amoxliatl,,
COLLECTION_LOG,MEDIUM,Get 1 unique from Amoxliatl,,
COLLECTION_LOG,MEDIUM,Get 1 unique from Amoxliatl,,
COLLECTION_LOG,MEDIUM,Get 1 unique from Royal Titans,,
COLLECTION_LOG,MEDIUM,Get 1 unique from Royal Titans,,
COLLECTION_LOG,MEDIUM,Get 1 unique from Royal Titans,,
COLLECTION_LOG,MEDIUM,Get 1 unique from Royal Titans,,
COLLECTION_LOG,MEDIUM,Get a Void Knight mace,,
COLLECTION_LOG,MEDIUM,Get 1 unique from the Hunter Guild,,
COLLECTION_LOG,MEDIUM,Get a Steel Ring,,
COLLECTION_LOG,MEDIUM,Get a Huasca seed,,
COLLECTION_LOG,MEDIUM,1 Graceful Recolor,,
COLLECTION_LOG,MEDIUM,Get 1 unique from Vale Totems,,
COLLECTION_LOG,MEDIUM,Get 1 unique from Vale Totems,,
COLLECTION_LOG,MEDIUM,Get 1 unique from Custodian stalkers,,
COLLECTION_LOG,MEDIUM,Get 1 unique from Custodian stalkers,,
COLLECTION_LOG,MEDIUM,Get 1 unique from Custodian stalkers,,
COLLECTION_LOG,MEDIUM,Get the Earthbound tecpatl,,
COLLECTION_LOG,MEDIUM,Get Belle's folly (tarnished),,
COLLECTION_LOG,MEDIUM,Get a Horn of plenty,,
COLLECTION_LOG,MEDIUM,Get the next reward from The Jubbly Jive,,
COLLECTION_LOG,MEDIUM,Get the next reward from The Jubbly Jive,,
COLLECTION_LOG,MEDIUM,Get the next reward from The Jubbly Jive,,
COLLECTION_LOG,MEDIUM,Get the Zamorakian paint,,
COLLECTION_LOG,MEDIUM,Get the Saradominist paint,,
COLLECTION_LOG,MEDIUM,Get the Sandy paint,,
COLLECTION_LOG,MEDIUM,Get the Gale catcher schematic,,
COLLECTION_LOG,MEDIUM,Get the Rosewoood cargo hold schematic,,
COLLECTION_LOG,MEDIUM,Get the Rosewood hull schematic,,
COLLECTION_LOG,MEDIUM,Get a Dragon metal sheet,,
COLLECTION_LOG,MEDIUM,Get a Dragon cannonball,,
COLLECTION_LOG,MEDIUM,Get a Swift albatross feather,,
COLLECTION_LOG,MEDIUM,Assemble the Medallion of the deep,,
COLLECTION_LOG,MEDIUM,Get a Sea Treasure,,
COLLECTION_LOG,MEDIUM,Get a Sea Treasure,,
COLLECTION_LOG,MEDIUM,Get a Squid beak,,
COLLECTION_LOG,MEDIUM,Get a Giant blue krill,,
COMBAT_ACHIEVEMENT,MEDIUM,Amoxliatl Champion,,
COMBAT_ACHIEVEMENT,MEDIUM,Temotli Triumph,,
COMBAT_ACHIEVEMENT,MEDIUM,Barrows Champion,,
COMBAT_ACHIEVEMENT,MEDIUM,Can't Touch Me,,
COMBAT_ACHIEVEMENT,MEDIUM,Pray for Success,,
COMBAT_ACHIEVEMENT,MEDIUM,"Brutal, Big, Black and Firey",,
COMBAT_ACHIEVEMENT,MEDIUM,Quick Cutter,,
COMBAT_ACHIEVEMENT,MEDIUM,Bryophyta Champion,,
COMBAT_ACHIEVEMENT,MEDIUM,Chaos Fanatic Champion,,
COMBAT_ACHIEVEMENT,MEDIUM,"Sorry, What Was That?",,
COMBAT_ACHIEVEMENT,MEDIUM,Mage of the Ruins,,
COMBAT_ACHIEVEMENT,MEDIUM,Crazy Archaeologist Champion,,
COMBAT_ACHIEVEMENT,MEDIUM,I'd Rather Not Learn,,
COMBAT_ACHIEVEMENT,MEDIUM,Dagannoth Prime Champion,,
COMBAT_ACHIEVEMENT,MEDIUM,Dagannoth Rex Champion,,
COMBAT_ACHIEVEMENT,MEDIUM,A Frozen King,,
COMBAT_ACHIEVEMENT,MEDIUM,Dagannoth Supreme Champion,,
COMBAT_ACHIEVEMENT,MEDIUM,I'd Rather Be Illiterate,,
COMBAT_ACHIEVEMENT,MEDIUM,Deranged Archaeologist Champion,,
COMBAT_ACHIEVEMENT,MEDIUM,Mage of the Swamp,,
COMBAT_ACHIEVEMENT,MEDIUM,A Smashing Time,,
COMBAT_ACHIEVEMENT,MEDIUM,Giant Mole Champion,,
COMBAT_ACHIEVEMENT,MEDIUM,Avoiding Those Little Arms,,
COMBAT_ACHIEVEMENT,MEDIUM,King Black Dragon Champion,,
COMBAT_ACHIEVEMENT,MEDIUM,Hide Penetration,,
COMBAT_ACHIEVEMENT,MEDIUM,Antifire Protection,,
COMBAT_ACHIEVEMENT,MEDIUM,Claw Clipper,,
COMBAT_ACHIEVEMENT,MEDIUM,Master of Broad Weaponry,,
COMBAT_ACHIEVEMENT,MEDIUM,Lunar Triplet,,
COMBAT_ACHIEVEMENT,MEDIUM,Back to Our Roots,,
COMBAT_ACHIEVEMENT,MEDIUM,Moons of Peril Speed-Trialist,,
COMBAT_ACHIEVEMENT,MEDIUM,Perilous Novice,,
COMBAT_ACHIEVEMENT,MEDIUM,Sit Back and Relax,,
COMBAT_ACHIEVEMENT,MEDIUM,Obor Champion,,
COMBAT_ACHIEVEMENT,MEDIUM,Squashing the Giant,,
COMBAT_ACHIEVEMENT,MEDIUM,Back to the Wall,,
COMBAT_ACHIEVEMENT,MEDIUM,Newspaper Enthusiast,,
COMBAT_ACHIEVEMENT,MEDIUM,Sarachnis Champion,,
COMBAT_ACHIEVEMENT,MEDIUM,Efficient Pest Control,,
COMBAT_ACHIEVEMENT,MEDIUM,Scurrius Champion,,
COMBAT_ACHIEVEMENT,MEDIUM,Perfect Scurrius,,
COMBAT_ACHIEVEMENT,MEDIUM,A Frozen Foe from the Past,,
COMBAT_ACHIEVEMENT,MEDIUM,Demonbane Weaponry,,
COMBAT_ACHIEVEMENT,MEDIUM,Demonic Weakening,,
COMBAT_ACHIEVEMENT,MEDIUM,Skotizo Champion,,
COMBAT_ACHIEVEMENT,MEDIUM,Tempoross Champion,,
COMBAT_ACHIEVEMENT,MEDIUM,The Lone Angler,,
COMBAT_ACHIEVEMENT,MEDIUM,Hueycoatl Champion,,
COMBAT_ACHIEVEMENT,MEDIUM,You're a wizard,,
COMBAT_ACHIEVEMENT,MEDIUM,Leaving No One Behind,,
COMBAT_ACHIEVEMENT,MEDIUM,Can We Fix It?,,
COMBAT_ACHIEVEMENT,MEDIUM,Wintertodt Champion,,
COMBAT_ACHIEVEMENT,MEDIUM,Royal Titan Champion,,
COMBAT_ACHIEVEMENT,MEDIUM,Royal Titan Adept,,
COMBAT_ACHIEVEMENT,MEDIUM,It takes too long,,
COLLECTION_LOG,HARD,Get 1 unique from Barrows,,
COLLECTION_LOG,HARD,Get 1 unique from Barrows,,
COLLECTION_LOG,HARD,Get 1 unique from Barrows,,
COLLECTION_LOG,HARD,Get 1 unique from Barrows,,
COLLECTION_LOG,HARD,Get 1 unique from Barrows,,
COLLECTION_LOG,HARD,Get 1 unique from Barrows,,
COLLECTION_LOG,HARD,Get 1 unique from Barrows,,
COLLECTION_LOG,HARD,Get 1 unique from Barrows,,
COLLECTION_LOG,HARD,Get 1 unique from Barrows,,
COLLECTION_LOG,HARD,Get 1 unique from Barrows,,
COLLECTION_LOG,HARD,Get 1 unique from Barrows,,
COLLECTION_LOG,HARD,Get 1 unique from Barrows,,
COLLECTION_LOG,HARD,Get 1 unique from Barrows,,
COLLECTION_LOG,HARD,Get 1 unique from Barrows,,
COLLECTION_LOG,HARD,Get 1 unique from Barrows,,
COLLECTION_LOG,HARD,Get a unique from Unsired,,
COLLECTION_LOG,HARD,Get a unique from Unsired,,
COLLECTION_LOG,HARD,Get a unique from Unsired,,
COLLECTION_LOG,HARD,Get an Abyssal whip,,
COLLECTION_LOG,HARD,Get 1 unique item from Mount Karuulm,,
COLLECTION_LOG,HARD,Get 1 unique item from Mount Karuulm,,
COLLECTION_LOG,HARD,Get 1 unique item from Mount Karuulm,,
COLLECTION_LOG,HARD,Get 1 unique item from Mount Karuulm,,
COLLECTION_LOG,HARD,Get 1 unique item from Mount Karuulm,,
COLLECTION_LOG,HARD,Get 1 unique from the Wildy bosses,,
COLLECTION_LOG,HARD,Get 1 unique from the Wildy bosses,,
COLLECTION_LOG,HARD,Get 1 unique from the Wildy bosses,,
COLLECTION_LOG,HARD,Get 1 unique from Cerberus,,
COLLECTION_LOG,HARD,Get 1 unique from Cerberus,,
COLLECTION_LOG,HARD,Get 1 unique from Cerberus,,
COLLECTION_LOG,HARD,Get a unique shard 1,,
COLLECTION_LOG,HARD,Get a unique shard 1,,
COLLECTION_LOG,HARD,Get a new Boss pet,,
COLLECTION_LOG,HARD,Get 1 unique drop from God Wars Dungeon,,
COLLECTION_LOG,HARD,Get 1 unique drop from God Wars Dungeon,,
COLLECTION_LOG,HARD,Get 1 unique drop from Dagannoth Kings,,
COLLECTION_LOG,HARD,Get 1 unique drop from Dagannoth Kings,,
COLLECTION_LOG,HARD,Get 1 unique drop from Dagannoth Kings,,
COLLECTION_LOG,HARD,Get 1 unique drop from Dagannoth Kings,,
COLLECTION_LOG,HARD,Get 1 unique drop from Dagannoth Kings,,
COLLECTION_LOG,HARD,Get 1 unique drop from Dagannoth Kings,,
COLLECTION_LOG,HARD,Get 1 unique drop from Dagannoth Kings,,
COLLECTION_LOG,HARD,Get 1 unique drop from Grotesque Guardians,,
COLLECTION_LOG,HARD,Get 1 unique drop from Grotesque Guardians,,
COLLECTION_LOG,HARD,Get 1 unique drop from Grotesque Guardians,,
COLLECTION_LOG,HARD,Get 1 unique from the Kalphite Queen,,
COLLECTION_LOG,HARD,Get 1 unique from the Kalphite Queen,,
COLLECTION_LOG,HARD,Get Kbd heads,,
COLLECTION_LOG,HARD,Get 1 unique drop from Kraken,,
COLLECTION_LOG,HARD,Get 1 unique drop from Kraken,,
COLLECTION_LOG,HARD,Get an Uncharged Trident,,
COLLECTION_LOG,HARD,Get a unique shard 3,,
COLLECTION_LOG,HARD,Get a unique shard 3,,
COLLECTION_LOG,HARD,Get Vorkath's head,,
COLLECTION_LOG,HARD,Get 1 unique from Zulrah,,
COLLECTION_LOG,HARD,Get 1 unique from Zulrah,,
COLLECTION_LOG,HARD,Get 1 unique from Zulrah,,
COLLECTION_LOG,HARD,Get 1 unique from Zulrah,,
COLLECTION_LOG,HARD,Get 3 new uniques from beginner clues,,
COLLECTION_LOG,HARD,Get 5 new uniques from easy clues,,
COLLECTION_LOG,HARD,Get 5 new uniques from easy clues,,
COLLECTION_LOG,HARD,Get 5 new uniques from easy clues,,
COLLECTION_LOG,HARD,Get 5 new uniques from easy clues,,
COLLECTION_LOG,HARD,Get 5 new uniques from easy clues,,
COLLECTION_LOG,HARD,Get 5 new uniques from medium clues,,
COLLECTION_LOG,HARD,Get 5 new uniques from medium clues,,
COLLECTION_LOG,HARD,Get 5 new uniques from medium clues,,
COLLECTION_LOG,HARD,Get 5 new uniques from medium clues,,
COLLECTION_LOG,HARD,Get 5 new uniques from medium clues,,
COLLECTION_LOG,HARD,Get 5 new uniques from hard clues,,
COLLECTION_LOG,HARD,Get 5 new uniques from hard clues,,
COLLECTION_LOG,HARD,Get 5 new uniques from hard clues,,
COLLECTION_LOG,HARD,Get 5 new uniques from hard clues,,
COLLECTION_LOG,HARD,Get 5 new uniques from hard clues,,
COLLECTION_LOG,HARD,Get 5 new uniques from hard clues,,
COLLECTION_LOG,HARD,Get 5 new uniques from hard clues,,
COLLECTION_LOG,HARD,Get 2 new uniques from elite clues,,
COLLECTION_LOG,HARD,Get 2 new uniques from elite clues,,
COLLECTION_LOG,HARD,Get 2 new uniques from elite clues,,
COLLECTION_LOG,HARD,Get 2 new uniques from elite clues,,
COLLECTION_LOG,HARD,Get 2 new uniques from elite clues,,
COLLECTION_LOG,HARD,Get 1 new halo,,
COLLECTION_LOG,HARD,Get 1 new unique from Gnome Restaurant,,
COLLECTION_LOG,HARD,Get an Infinity top,,
COLLECTION_LOG,HARD,Get Infinity bottoms,,
COLLECTION_LOG,HARD,Get 2 White decorative pieces,,
COLLECTION_LOG,HARD,Get 2 White decorative pieces,,
COLLECTION_LOG,HARD,Get 2 White decorative pieces,,
COLLECTION_LOG,HARD,Get 2 White decorative pieces,,
COLLECTION_LOG,HARD,Get an Elite void top,,
COLLECTION_LOG,HARD,Get an Elite void robe,,
COLLECTION_LOG,HARD,Get 1 Naval set,,
COLLECTION_LOG,HARD,Get 1 Naval set,,
COLLECTION_LOG,HARD,Get 1 Naval set,,
COLLECTION_LOG,HARD,Get the Bronze fist flag,,
COLLECTION_LOG,HARD,Get the Lucky shot flag,,
COLLECTION_LOG,HARD,Get 1 unique Champion scroll,,
COLLECTION_LOG,HARD,Get 1 unique Champion scroll,,
COLLECTION_LOG,HARD,Get 1 unique Champion scroll,,
COLLECTION_LOG,HARD,Get 1 unique Elder chaos robe piece,,
COLLECTION_LOG,HARD,Get the Ogre expert headpiece,,
COLLECTION_LOG,HARD,Get a unique from Demonic gorillas,,
COLLECTION_LOG,HARD,Get a unique from Demonic gorillas,,
COLLECTION_LOG,HARD,Get a unique from Demonic gorillas,,
COLLECTION_LOG,HARD,Get a unique from Demonic gorillas,,
COLLECTION_LOG,HARD,Get 2 unique Ancient pages,,
COLLECTION_LOG,HARD,Get 2 unique Ancient pages,,
COLLECTION_LOG,HARD,Get 2 unique Ancient pages,,
COLLECTION_LOG,HARD,Get a Kurask head,,
COLLECTION_LOG,HARD,Get Dragon boots,,
COLLECTION_LOG,HARD,Get a Dark bow,,
COLLECTION_LOG,HARD,Get 1 unique from Thermonuclear smoke devil,,
COLLECTION_LOG,HARD,Get 1 unique Obsidian armour drop,,
COLLECTION_LOG,HARD,Get 1 unique Obsidian armour drop,,
COLLECTION_LOG,HARD,Get a Dragon warhammer,,
COLLECTION_LOG,HARD,Get a Pharaoh's sceptre,,
COLLECTION_LOG,HARD,Get Chewed bones,,
COLLECTION_LOG,HARD,Get a Dragon spear,,
COLLECTION_LOG,HARD,Get Expert mining gloves,,
COLLECTION_LOG,HARD,Complete the Ardougne Hard Diary,,
COLLECTION_LOG,HARD,Complete the Desert Hard Diary,,
COLLECTION_LOG,HARD,Complete the Falador Hard Diary,,
COLLECTION_LOG,HARD,Complete the Fremennik Hard Diary,,
COLLECTION_LOG,HARD,Complete the Kandarin Hard Diary,,
COLLECTION_LOG,HARD,Complete the Karamja Hard Diary,,
COLLECTION_LOG,HARD,Complete the Kourend&Kebos Hard Diary,,
COLLECTION_LOG,HARD,Complete the Lumbridge&Draynor Hard Diary,,
COLLECTION_LOG,HARD,Complete the Morytania Hard Diary,,
COLLECTION_LOG,HARD,Complete the Varrock Hard Diary,,
COLLECTION_LOG,HARD,Complete the Western Provinces Hard Diary,,
COLLECTION_LOG,HARD,Complete the Wilderness Hard Diary,,
COLLECTION_LOG,HARD,Get Bryophyta's essence,,
COLLECTION_LOG,HARD,Get a Sarachnis Cudgel,,
COLLECTION_LOG,HARD,Get 1 unique from the Gauntlet,,
COLLECTION_LOG,HARD,Get 1 unique from the Gauntlet,,
COLLECTION_LOG,HARD,Get the Elven signet,,
COLLECTION_LOG,HARD,Get an Enhanced crystal teleport seed,,
COLLECTION_LOG,HARD,Get the Basilisk jaw,,
COLLECTION_LOG,HARD,Get a shield left half,,
COLLECTION_LOG,HARD,Get a Pirate's hook,,
COLLECTION_LOG,HARD,Get 2 uniques from the Hallowed Sepulchre,,
COLLECTION_LOG,HARD,Get 2 uniques from the Hallowed Sepulchre,,
COLLECTION_LOG,HARD,Get 2 uniques from the Hallowed Sepulchre,,
COLLECTION_LOG,HARD,Get 2 uniques from the Hallowed Sepulchre,,
COLLECTION_LOG,HARD,Get 2 uniques from the Hallowed Sepulchre,,
COLLECTION_LOG,HARD,Get 2 uniques from the Hallowed Sepulchre,,
COLLECTION_LOG,HARD,Unlock 2 monkey backpack transformations,,
COLLECTION_LOG,HARD,Unlock 2 monkey backpack transformations,,
COLLECTION_LOG,HARD,Unlock 2 monkey backpack transformations,,
COLLECTION_LOG,HARD,Get Amy's saw,,
COLLECTION_LOG,HARD,Get 1 piece of Carpenter equipment,,
COLLECTION_LOG,HARD,Get 1 piece of Carpenter equipment,,
COLLECTION_LOG,HARD,Get a Blood shard,,
COLLECTION_LOG,HARD,Get a Soul cape,,
COLLECTION_LOG,HARD,Get 1 unique from Shades of Mort'ton,,
COLLECTION_LOG,HARD,Get 1 unique from Shades of Mort'ton,,
COLLECTION_LOG,HARD,Get a new dark bow paint from LMS,,
COLLECTION_LOG,HARD,Get a new dark bow paint from LMS,,
COLLECTION_LOG,HARD,Get a new dark bow paint from LMS,,
COLLECTION_LOG,HARD,Get a new dark bow paint from LMS,,
COLLECTION_LOG,HARD,Get a Wyrm/Brimhaven graceful recolor,,
COLLECTION_LOG,HARD,Get a Volcanic mine teleport,,
COLLECTION_LOG,HARD,Get a Heat-proof vessel,,
COLLECTION_LOG,HARD,Get the Ash covered tome,,
COLLECTION_LOG,HARD,Get 1 unique from Tempoross,,
COLLECTION_LOG,HARD,Get a Vial of blood (Entry or Normal Mode),,
COLLECTION_LOG,HARD,Get a unique Egg Sac from the Grubby Chest,,
COLLECTION_LOG,HARD,Get a unique Egg Sac from the Grubby Chest,,
COLLECTION_LOG,HARD,Get 1 unique Nihil shard / Ceremonial robe piece,,
COLLECTION_LOG,HARD,Get 1 unique Nihil shard / Ceremonial robe piece,,
COLLECTION_LOG,HARD,Get 1 unique Nihil shard / Ceremonial robe piece,,
COLLECTION_LOG,HARD,Get 1 unique Nihil shard / Ceremonial robe piece,,
COLLECTION_LOG,HARD,Get 1 unique Nihil shard / Ceremonial robe piece,,
COLLECTION_LOG,HARD,Get 1 unique Nihil shard / Ceremonial robe piece,,
COLLECTION_LOG,HARD,Get 1 unique from Guardians of the Rift,,
COLLECTION_LOG,HARD,Get 1 unique from Guardians of the Rift,,
COLLECTION_LOG,HARD,Get 1 unique from Guardians of the Rift,,
COLLECTION_LOG,HARD,Get 1 unique from Guardians of the Rift,,
COLLECTION_LOG,HARD,Get a Colossal blade,,
COLLECTION_LOG,HARD,Get 1 unique from Tombs of Amascut,,
COLLECTION_LOG,HARD,Get 1 unique from Tombs of Amascut,,
COLLECTION_LOG,HARD,Get 1 unique from the Phantom Muspah,,
COLLECTION_LOG,HARD,Get 1 unique from the Phantom Muspah,,
COLLECTION_LOG,HARD,Get 1 unique from Forestry,,
COLLECTION_LOG,HARD,Get 1 unique from Forestry,,
COLLECTION_LOG,HARD,Get 1 unique from Forestry,,
COLLECTION_LOG,HARD,Get 1 unique from the Hunter Guild,,
COLLECTION_LOG,HARD,Get 1 unique from the Hunter Guild,,
COLLECTION_LOG,HARD,Get 1 unique from Moons of Peril,,
COLLECTION_LOG,HARD,Get 1 unique from Moons of Peril,,
COLLECTION_LOG,HARD,Get 1 unique from Moons of Peril,,
COLLECTION_LOG,HARD,Get 1 unique from Moons of Peril,,
COLLECTION_LOG,HARD,Get 1 unique from Moons of Peril,,
COLLECTION_LOG,HARD,Get 1 unique from Moons of Peril,,
COLLECTION_LOG,HARD,Obtain Sunfire splinters,,
COLLECTION_LOG,HARD,Get 1 unique from Tormented Demons,,
COLLECTION_LOG,HARD,Get 1 unique from Tormented Demons,,
COLLECTION_LOG,HARD,Get the Aranea Boots,,
COLLECTION_LOG,HARD,Get 1 unique from Araxytes/Araxxor,,
COLLECTION_LOG,HARD,Get 1 unique from Araxytes/Araxxor,,
COLLECTION_LOG,HARD,Get the Prescription goggles,,
COLLECTION_LOG,HARD,Get the Alchemist's amulet,,
COLLECTION_LOG,HARD,Get 1 unique from the Hueycoatl,,
COLLECTION_LOG,HARD,Get 1 unique from the Hueycoatl,,
COLLECTION_LOG,HARD,Get 1 unique from Royal Titans,,
COLLECTION_LOG,HARD,Get 1 unique from Royal Titans,,
COLLECTION_LOG,HARD,Get 1 unique from ToA,,
COLLECTION_LOG,HARD,Get 1 unique from Doom of Mokhaiotl,,
COLLECTION_LOG,HARD,Get 1 unique from Doom of Mokhaiotl,,
COLLECTION_LOG,HARD,Get 1 unique from Tormented Demons,,
COLLECTION_LOG,HARD,Get the next reward from The Gwyneth Glide,,
COLLECTION_LOG,HARD,Get the next reward from The Gwyneth Glide,,
COLLECTION_LOG,HARD,Get the next reward from The Gwyneth Glide,,
COLLECTION_LOG,HARD,Get the Armadylean paint,,
COLLECTION_LOG,HARD,Get the Guthixian paint,,
COLLECTION_LOG,HARD,Get the Eternal brazier schematic,,
COLLECTION_LOG,HARD,Get the Dragon helm schematic,,
COLLECTION_LOG,HARD,Get the Dragon salvaging hook schematic,,
COLLECTION_LOG,HARD,Get the Dragon cannon schematic,,
COLLECTION_LOG,HARD,Get some Dragon nails,,
COLLECTION_LOG,HARD,Get an Echo pearl,,
COLLECTION_LOG,HARD,Get a Narwhal Horn,,
COLLECTION_LOG,HARD,Get a Broken dragon hook,,
COLLECTION_LOG,HARD,Get a Sea Treasure,,
COLLECTION_LOG,HARD,Get an Aquanite tendon,,
COLLECTION_LOG,HARD,Get a Golden haddock,,
COLLECTION_LOG,HARD,Get an Orangefin,,
COLLECTION_LOG,HARD,Get a Huge halibut,,
COMBAT_ACHIEVEMENT,HARD,Abyssal Adept,,
COMBAT_ACHIEVEMENT,HARD,Don't Whip Me,,
COMBAT_ACHIEVEMENT,HARD,They Grow Up Too Fast,,
COMBAT_ACHIEVEMENT,HARD,Don't Stop Moving,,
COMBAT_ACHIEVEMENT,HARD,Amoxliatl Adept,,
COMBAT_ACHIEVEMENT,HARD,Nagua Negation,,
COMBAT_ACHIEVEMENT,HARD,Kemo Makti,,
COMBAT_ACHIEVEMENT,HARD,Amoxliatl Speed-Trialist,,
COMBAT_ACHIEVEMENT,HARD,Totally Shattered,,
COMBAT_ACHIEVEMENT,HARD,Faithless Crypt Run,,
COMBAT_ACHIEVEMENT,HARD,Just Like That,,
COMBAT_ACHIEVEMENT,HARD,Callisto Adept,,
COMBAT_ACHIEVEMENT,HARD,The Flincher,,
COMBAT_ACHIEVEMENT,HARD,Hoarder,,
COMBAT_ACHIEVEMENT,HARD,Chaos Elemental Adept,,
COMBAT_ACHIEVEMENT,HARD,Chaos Fanatic Adept,,
COMBAT_ACHIEVEMENT,HARD,Praying to the Gods,,
COMBAT_ACHIEVEMENT,HARD,Commander Zilyana Adept,,
COMBAT_ACHIEVEMENT,HARD,Commander Showdown,,
COMBAT_ACHIEVEMENT,HARD,Crazy Archaeologist Adept,,
COMBAT_ACHIEVEMENT,HARD,Dagannoth Prime Adept,,
COMBAT_ACHIEVEMENT,HARD,Dagannoth Rex Adept,,
COMBAT_ACHIEVEMENT,HARD,Dagannoth Supreme Adept,,
COMBAT_ACHIEVEMENT,HARD,General Graardor Adept,,
COMBAT_ACHIEVEMENT,HARD,Ourg Freezer,,
COMBAT_ACHIEVEMENT,HARD,General Showdown,,
COMBAT_ACHIEVEMENT,HARD,Why Are You Running?,,
COMBAT_ACHIEVEMENT,HARD,Whack-a-Mole,,
COMBAT_ACHIEVEMENT,HARD,Grotesque Guardians Adept,,
COMBAT_ACHIEVEMENT,HARD,Granite Footwork,,
COMBAT_ACHIEVEMENT,HARD,Don't Look at the Eclipse,,
COMBAT_ACHIEVEMENT,HARD,Prison Break,,
COMBAT_ACHIEVEMENT,HARD,Static Awareness,,
COMBAT_ACHIEVEMENT,HARD,Heal No More,,
COMBAT_ACHIEVEMENT,HARD,Hespori Adept,,
COMBAT_ACHIEVEMENT,HARD,Hesporisn't,,
COMBAT_ACHIEVEMENT,HARD,Weed Whacker,,
COMBAT_ACHIEVEMENT,HARD,Demonbane Weaponry II,,
COMBAT_ACHIEVEMENT,HARD,K'ril Tsutsaroth Adept,,
COMBAT_ACHIEVEMENT,HARD,Yarr No More,,
COMBAT_ACHIEVEMENT,HARD,Demonic Showdown,,
COMBAT_ACHIEVEMENT,HARD,Kalphite Queen Adept,,
COMBAT_ACHIEVEMENT,HARD,Chitin Penetrator,,
COMBAT_ACHIEVEMENT,HARD,Who Is the King Now?,,
COMBAT_ACHIEVEMENT,HARD,Unnecessary Optimisation,,
COMBAT_ACHIEVEMENT,HARD,Krakan't Hurt Me,,
COMBAT_ACHIEVEMENT,HARD,Kraken Adept,,
COMBAT_ACHIEVEMENT,HARD,Airborne Showdown,,
COMBAT_ACHIEVEMENT,HARD,Kree'arra Adept,,
COMBAT_ACHIEVEMENT,HARD,Betrayal,,
COMBAT_ACHIEVEMENT,HARD,Fortified,,
COMBAT_ACHIEVEMENT,HARD,Moons of Peril Speed-Chaser,,
COMBAT_ACHIEVEMENT,HARD,The Clone Zone,,
COMBAT_ACHIEVEMENT,HARD,Perilous Dancer,,
COMBAT_ACHIEVEMENT,HARD,Fat of the Land,,
COMBAT_ACHIEVEMENT,HARD,Perilous Champion,,
COMBAT_ACHIEVEMENT,HARD,Phantom Muspah Adept,,
COMBAT_ACHIEVEMENT,HARD,Ready to Pounce,,
COMBAT_ACHIEVEMENT,HARD,Inspect Repellent,,
COMBAT_ACHIEVEMENT,HARD,I Can't Reach That,,
COMBAT_ACHIEVEMENT,HARD,Scorpia Adept,,
COMBAT_ACHIEVEMENT,HARD,Guardians No More,,
COMBAT_ACHIEVEMENT,HARD,Skotizo Adept,,
COMBAT_ACHIEVEMENT,HARD,Why Cook?,,
COMBAT_ACHIEVEMENT,HARD,Dress Like You Mean It,,
COMBAT_ACHIEVEMENT,HARD,I'm your son,,
COMBAT_ACHIEVEMENT,HARD,Hueycoatl Adept,,
COMBAT_ACHIEVEMENT,HARD,Pillar Lover,,
COMBAT_ACHIEVEMENT,HARD,Nightmare Adept,,
COMBAT_ACHIEVEMENT,HARD,Theatre of Blood: SM Adept,,
COMBAT_ACHIEVEMENT,HARD,Confident Raider,,
COMBAT_ACHIEVEMENT,HARD,Movin' on up,,
COMBAT_ACHIEVEMENT,HARD,Novice Tomb Looter,,
COMBAT_ACHIEVEMENT,HARD,Novice Tomb Explorer,,
COMBAT_ACHIEVEMENT,HARD,Venenatis Adept,,
COMBAT_ACHIEVEMENT,HARD,Vet'ion Adept,,
COMBAT_ACHIEVEMENT,HARD,Why Fletch?,,
COMBAT_ACHIEVEMENT,HARD,Zulrah Adept,,
COMBAT_ACHIEVEMENT,HARD,Royal Titan Speed-Runner,,
COMBAT_ACHIEVEMENT,HARD,Perfect Royal Titan,,
COMBAT_ACHIEVEMENT,HARD,Titan Killer,,
COMBAT_ACHIEVEMENT,HARD,I need room,,
COLLECTION_LOG,ELITE,Get 1 unique from Barrows,,
COLLECTION_LOG,ELITE,Get 1 unique from Barrows,,
COLLECTION_LOG,ELITE,Get 1 unique from Barrows,,
COLLECTION_LOG,ELITE,Get 1 unique from Barrows,,
COLLECTION_LOG,ELITE,Get a unique from Unsired,,
COLLECTION_LOG,ELITE,Get a unique from Unsired,,
COLLECTION_LOG,ELITE,Get 1 unique item from Mount Karuulm,,
COLLECTION_LOG,ELITE,Get 1 unique item from Mount Karuulm,,
COLLECTION_LOG,ELITE,Get 1 unique item from Mount Karuulm,,
COLLECTION_LOG,ELITE,Get 1 unique item from Mount Karuulm,,
COLLECTION_LOG,ELITE,Get 1 unique item from Mount Karuulm,,
COLLECTION_LOG,ELITE,Get 1 unique item from Mount Karuulm,,
COLLECTION_LOG,ELITE,Get 1 unique item from Mount Karuulm,,
COLLECTION_LOG,ELITE,Get 1 unique item from Mount Karuulm,,
COLLECTION_LOG,ELITE,Get 1 unique crystal/stone from Cerberus,,
COLLECTION_LOG,ELITE,Get 1 unique crystal/stone from Cerberus,,
COLLECTION_LOG,ELITE,Get 1 unique drop from God Wars Dungeon,,
COLLECTION_LOG,ELITE,Get 1 unique drop from God Wars Dungeon,,
COLLECTION_LOG,ELITE,Get 1 unique drop from God Wars Dungeon,,
COLLECTION_LOG,ELITE,Get 1 unique drop from God Wars Dungeon,,
COLLECTION_LOG,ELITE,Get 1 unique drop from God Wars Dungeon,,
COLLECTION_LOG,ELITE,Get 1 unique drop from God Wars Dungeon,,
COLLECTION_LOG,ELITE,Get 1 unique drop from God Wars Dungeon,,
COLLECTION_LOG,ELITE,Get 1 unique drop from God Wars Dungeon,,
COLLECTION_LOG,ELITE,Get 1 unique drop from God Wars Dungeon,,
COLLECTION_LOG,ELITE,Get 1 unique drop from God Wars Dungeon,,
COLLECTION_LOG,ELITE,Get 1 unique drop from God Wars Dungeon,,
COLLECTION_LOG,ELITE,Get 1 unique drop from God Wars Dungeon,,
COLLECTION_LOG,ELITE,Get 1 unique drop from God Wars Dungeon,,
COLLECTION_LOG,ELITE,Get 1 unique drop from God Wars Dungeon,,
COLLECTION_LOG,ELITE,Get 1 unique drop from God Wars Dungeon,,
COLLECTION_LOG,ELITE,Get 1 unique drop from God Wars Dungeon,,
COLLECTION_LOG,ELITE,Get a Spirit shield or Holy elixir,,
COLLECTION_LOG,ELITE,Get a Spirit shield or Holy elixir,,
COLLECTION_LOG,ELITE,Get a new Boss pet,,
COLLECTION_LOG,ELITE,Get a new Boss pet,,
COLLECTION_LOG,ELITE,Get a new Boss pet,,
COLLECTION_LOG,ELITE,Get 1 unique from Thermonuclear smoke devil,,
COLLECTION_LOG,ELITE,Get 1 unique from the Wildy bosses,,
COLLECTION_LOG,ELITE,Get 1 unique from the Wildy bosses,,
COLLECTION_LOG,ELITE,Get 1 unique from the Wildy bosses,,
COLLECTION_LOG,ELITE,Get 1 unique from the Wildy bosses,,
COLLECTION_LOG,ELITE,Get 1 unique drop from Grotesque Guardians,,
COLLECTION_LOG,ELITE,Get 1 unique from Raids (CoX or ToB or ToA),,
COLLECTION_LOG,ELITE,Get 1 unique from Raids (CoX or ToB or ToA),,
COLLECTION_LOG,ELITE,Get 1 unique from Raids (CoX or ToB or ToA),,
COLLECTION_LOG,ELITE,Get 1 unique from Raids (CoX or ToB or ToA),,
COLLECTION_LOG,ELITE,Get 1 unique from Raids (CoX or ToB or ToA),,
COLLECTION_LOG,ELITE,Get 1 unique from Raids (CoX or ToB or ToA),,
COLLECTION_LOG,ELITE,Get 1 unique from Raids (CoX or ToB or ToA),,
COLLECTION_LOG,ELITE,Get 1 unique from Raids (CoX or ToB or ToA),,
COLLECTION_LOG,ELITE,Get 1 unique from Raids (CoX or ToB or ToA),,
COLLECTION_LOG,ELITE,Get 1 unique from Raids (CoX or ToB or ToA),,
COLLECTION_LOG,ELITE,Get 1 unique from Raids (CoX or ToB or ToA),,
COLLECTION_LOG,ELITE,Get 1 unique from Raids (CoX or ToB or ToA),,
COLLECTION_LOG,ELITE,Get 1 unique from Raids (CoX or ToB or ToA),,
COLLECTION_LOG,ELITE,Get 1 unique from Raids (CoX or ToB or ToA),,
COLLECTION_LOG,ELITE,Get 5 new uniques from easy clues,,
COLLECTION_LOG,ELITE,Get 5 new uniques from easy clues,,
COLLECTION_LOG,ELITE,Get 5 new uniques from easy clues,,
COLLECTION_LOG,ELITE,Get 5 new uniques from easy clues,,
COLLECTION_LOG,ELITE,Get 5 new uniques from easy clues,,
COLLECTION_LOG,ELITE,Get 5 new uniques from medium clues,,
COLLECTION_LOG,ELITE,Get 5 new uniques from medium clues,,
COLLECTION_LOG,ELITE,Get 5 new uniques from medium clues,,
COLLECTION_LOG,ELITE,Get 5 new uniques from medium clues,,
COLLECTION_LOG,ELITE,Get 5 new uniques from medium clues,,
COLLECTION_LOG,ELITE,Get 5 new uniques from hard clues,,
COLLECTION_LOG,ELITE,Get 5 new uniques from hard clues,,
COLLECTION_LOG,ELITE,Get 5 new uniques from hard clues,,
COLLECTION_LOG,ELITE,Get 5 new uniques from hard clues,,
COLLECTION_LOG,ELITE,Get 5 new uniques from hard clues,,
COLLECTION_LOG,ELITE,Get 5 new uniques from hard clues,,
COLLECTION_LOG,ELITE,Get 5 new uniques from hard clues,,
COLLECTION_LOG,ELITE,Get 5 new uniques from hard clues,,
COLLECTION_LOG,ELITE,Get 1 new unique from elite clues,,
COLLECTION_LOG,ELITE,Get 1 new unique from elite clues,,
COLLECTION_LOG,ELITE,Get 1 new unique from elite clues,,
COLLECTION_LOG,ELITE,Get 1 new unique from elite clues,,
COLLECTION_LOG,ELITE,Get 1 new unique from elite clues,,
COLLECTION_LOG,ELITE,Get 1 new unique from elite clues,,
COLLECTION_LOG,ELITE,Get 1 new unique from elite clues,,
COLLECTION_LOG,ELITE,Get 1 new unique from elite clues,,
COLLECTION_LOG,ELITE,Get 1 new unique from elite clues,,
COLLECTION_LOG,ELITE,Get 1 new unique from elite clues,,
COLLECTION_LOG,ELITE,Get 1 new unique from master clues,,
COLLECTION_LOG,ELITE,Get 1 new unique from master clues,,
COLLECTION_LOG,ELITE,Get 1 new unique from master clues,,
COLLECTION_LOG,ELITE,Get 1 new unique from master clues,,
COLLECTION_LOG,ELITE,Get 1 new unique from master clues,,
COLLECTION_LOG,ELITE,Get 1 new unique from master clues,,
COLLECTION_LOG,ELITE,Get 1 new unique from master clues,,
COLLECTION_LOG,ELITE,Get 1 new unique from master clues,,
COLLECTION_LOG,ELITE,Get 1 new unique from master clues,,
COLLECTION_LOG,ELITE,Get 1 new unique from master clues,,
COLLECTION_LOG,ELITE,Get 1 new unique from master clues,,
COLLECTION_LOG,ELITE,Get 1 new unique from master clues,,
COLLECTION_LOG,ELITE,Get a Saradomin banner,,
COLLECTION_LOG,ELITE,Get a Zamorak banner,,
COLLECTION_LOG,ELITE,Get a Gold decorative helm,,
COLLECTION_LOG,ELITE,Get a pair of Gold decorative boots,,
COLLECTION_LOG,ELITE,Get 1 Naval set,,
COLLECTION_LOG,ELITE,Get 1 Naval set,,
COLLECTION_LOG,ELITE,Get the Treasure flag,,
COLLECTION_LOG,ELITE,Get the Phasmatys flag,,
COLLECTION_LOG,ELITE,Get the Chompy chick,,
COLLECTION_LOG,ELITE,Get 1 unique Champion scroll,,
COLLECTION_LOG,ELITE,Get 1 unique Champion scroll,,
COLLECTION_LOG,ELITE,Get 1 unique Champion scroll,,
COLLECTION_LOG,ELITE,Get 1 unique Champion scroll,,
COLLECTION_LOG,ELITE,Upgrade to the (expert) dragon archer headpiece,,
COLLECTION_LOG,ELITE,Upgrade to the (expert) dragon archer headpiece,,
COLLECTION_LOG,ELITE,Get a unique from Demonic gorillas,,
COLLECTION_LOG,ELITE,Get a unique from Demonic gorillas,,
COLLECTION_LOG,ELITE,Get 2 unique Ancient pages,,
COLLECTION_LOG,ELITE,Get 2 unique Ancient pages,,
COLLECTION_LOG,ELITE,Get a Dust battlestaff,,
COLLECTION_LOG,ELITE,Get a Mist battlestaff,,
COLLECTION_LOG,ELITE,Get 1 unique Obsidian armour drop,,
COLLECTION_LOG,ELITE,Get a Toktz-mej-tal,,
COLLECTION_LOG,ELITE,Get dragon limbs,,
COLLECTION_LOG,ELITE,Complete the Ardougne Elite Diary,,
COLLECTION_LOG,ELITE,Complete the Desert Elite Diary,,
COLLECTION_LOG,ELITE,Complete the Falador Elite Diary,,
COLLECTION_LOG,ELITE,Complete the Fremennik Elite Diary,,
COLLECTION_LOG,ELITE,Complete the Kandarin Elite Diary,,
COLLECTION_LOG,ELITE,Complete the Karamja Elite Diary,,
COLLECTION_LOG,ELITE,Complete the Kourend&Kebos Elite Diary,,
COLLECTION_LOG,ELITE,Complete the Lumbridge&Draynor Elite Diary,,
COLLECTION_LOG,ELITE,Complete the Morytania Elite Diary,,
COLLECTION_LOG,ELITE,Complete the Varrock Elite Diary,,
COLLECTION_LOG,ELITE,Complete the Western Provinces Elite Diary,,
COLLECTION_LOG,ELITE,Complete the Wilderness Elite Diary,,
COLLECTION_LOG,ELITE,Get the Crystal grail,,
COLLECTION_LOG,ELITE,Get the Fish sack,,
COLLECTION_LOG,ELITE,Get 1 unique piece of the Dagon'hai robes,,
COLLECTION_LOG,ELITE,Get 1 unique piece of the Dagon'hai robes,,
COLLECTION_LOG,ELITE,Get 1 unique from the Hallowed Sepulchre,,
COLLECTION_LOG,ELITE,Get 1 unique from the Hallowed Sepulchre,,
COLLECTION_LOG,ELITE,Get 1 unique from the Hallowed Sepulchre,,
COLLECTION_LOG,ELITE,Get Granite boots,,
COLLECTION_LOG,ELITE,Get the Hosidius blueprints,,
COLLECTION_LOG,ELITE,Get 1 unique from Shades of Mort'ton,,
COLLECTION_LOG,ELITE,Get 1 unique from Shades of Mort'ton,,
COLLECTION_LOG,ELITE,Get 1 unique from Shades of Mort'ton,,
COLLECTION_LOG,ELITE,Get 1 unique from Shades of Mort'ton,,
COLLECTION_LOG,ELITE,Get 1 unique from Shades of Mort'ton,,
COLLECTION_LOG,ELITE,Get 1 unique from Shades of Mort'ton,,
COLLECTION_LOG,ELITE,Get 1 unique from Shades of Mort'ton,,
COLLECTION_LOG,ELITE,Get a new Golden godsword special from LMS,,
COLLECTION_LOG,ELITE,Get a new Golden godsword special from LMS,,
COLLECTION_LOG,ELITE,Get a new Golden godsword special from LMS,,
COLLECTION_LOG,ELITE,Get a new Golden godsword special from LMS,,
COLLECTION_LOG,ELITE,Get a Broken dragon pickaxe,,
COLLECTION_LOG,ELITE,Get 1 unique from Revenants,,
COLLECTION_LOG,ELITE,Get 1 unique from Revenants,,
COLLECTION_LOG,ELITE,Get 1 unique from Revenants,,
COLLECTION_LOG,ELITE,Get 1 unique from Revenants,,
COLLECTION_LOG,ELITE,Get 1 unique from Guardians of the Rift,,
COLLECTION_LOG,ELITE,Get 1 unique from Guardians of the Rift,,
COLLECTION_LOG,ELITE,Get 1 unique from Guardians of the Rift,,
COLLECTION_LOG,ELITE,Get 1 unique from the Phantom Muspah,,
COLLECTION_LOG,ELITE,Get 1 unique from the Phantom Muspah,,
COLLECTION_LOG,ELITE,Get 1 unique from Forestry,,
COLLECTION_LOG,ELITE,Get 1 unique from Forestry,,
COLLECTION_LOG,ELITE,Get 1 unique from Forestry,,
COLLECTION_LOG,ELITE,Get 1 unique from Forestry,,
COLLECTION_LOG,ELITE,Get 1 unique from Forestry,,
COLLECTION_LOG,ELITE,Get 1 unique from Forestry,,
COLLECTION_LOG,ELITE,Get 1 unique from the DT2 bosses,,
COLLECTION_LOG,ELITE,Get 1 unique from the DT2 bosses,,
COLLECTION_LOG,ELITE,Get 1 unique from the DT2 bosses,,
COLLECTION_LOG,ELITE,Get 1 unique from the DT2 bosses,,
COLLECTION_LOG,ELITE,Get 1 unique from the DT2 bosses,,
COLLECTION_LOG,ELITE,Get 1 unique from the DT2 bosses,,
COLLECTION_LOG,ELITE,Get 1 unique from the DT2 bosses,,
COLLECTION_LOG,ELITE,Get 1 unique from the DT2 bosses,,
COLLECTION_LOG,ELITE,Get 1 unique from the DT2 bosses,,
COLLECTION_LOG,ELITE,Get 1 unique from the DT2 bosses,,
COLLECTION_LOG,ELITE,Get 1 unique from the DT2 bosses,,
COLLECTION_LOG,ELITE,Get 1 unique from Moons of Peril,,
COLLECTION_LOG,ELITE,Get 1 unique from Moons of Peril,,
COLLECTION_LOG,ELITE,Get 1 unique from Moons of Peril,,
COLLECTION_LOG,ELITE,Get a Teleport anchoring scroll,,
COLLECTION_LOG,ELITE,Get 1 unique from the Fortis Colosseum,,
COLLECTION_LOG,ELITE,Get 1 unique from the Fortis Colosseum,,
COLLECTION_LOG,ELITE,Get 1 unique from the Fortis Colosseum,,
COLLECTION_LOG,ELITE,Get 1 unique from Araxytes/Araxxor,,
COLLECTION_LOG,ELITE,Get 1 unique from Araxytes/Araxxor,,
COLLECTION_LOG,ELITE,Get 1 unique from Araxytes/Araxxor,,
COLLECTION_LOG,ELITE,Get 1 unique from Araxytes/Araxxor,,
COLLECTION_LOG,ELITE,Get 1 unique from Araxytes/Araxxor,,
COLLECTION_LOG,ELITE,Get a Chugging barrel,,
COLLECTION_LOG,ELITE,Get a Reagent pouch,,
COLLECTION_LOG,ELITE,Get 1 unique from the Hueycoatl,,
COLLECTION_LOG,ELITE,Get 1 unique from the Hueycoatl,,
COLLECTION_LOG,ELITE,Get 1 unique from Yama,,
COLLECTION_LOG,ELITE,Get 1 unique from Yama,,
COLLECTION_LOG,ELITE,Get 1 unique from Yama,,
COLLECTION_LOG,ELITE,Get 1 unique from Yama,,
COLLECTION_LOG,ELITE,Get 1 unique from Yama,,
COLLECTION_LOG,ELITE,Get 1 unique from Yama,,
COLLECTION_LOG,ELITE,Get 1 unique from Yama,,
COLLECTION_LOG,ELITE,Get 1 unique from Doom of Mokhaiotl,,
COLLECTION_LOG,ELITE,Get 1 unique from Doom of Mokhaiotl,,
COLLECTION_LOG,ELITE,Get the Barracuda paint,,
COLLECTION_LOG,ELITE,Get the Inky paint,,
COLLECTION_LOG,ELITE,Get the Rosewood & cotton sails schematic,,
COLLECTION_LOG,ELITE,Get the Dragon keel schematic,,
COLLECTION_LOG,ELITE,Get a Bottled storm,,
COLLECTION_LOG,ELITE,Get a Dragon cannon barrel,,
COLLECTION_LOG,ELITE,Get a Sea Treasure,,
COLLECTION_LOG,ELITE,Get a Sea Treasure,,
COLLECTION_LOG,ELITE,Get a Purplefin,,
COLLECTION_LOG,ELITE,Get a Swift marlin,,
COMBAT_ACHIEVEMENT,ELITE,Respiratory Runner,,
COMBAT_ACHIEVEMENT,ELITE,Perfect Sire,,
COMBAT_ACHIEVEMENT,ELITE,Demonic Rebound,,
COMBAT_ACHIEVEMENT,ELITE,Abyssal Veteran,,
COMBAT_ACHIEVEMENT,ELITE,Alchemical Veteran,,
COMBAT_ACHIEVEMENT,ELITE,Without Ralos' Light,,
COMBAT_ACHIEVEMENT,ELITE,Amoxliatl Speed-Chaser,,
COMBAT_ACHIEVEMENT,ELITE,Relaxxor,,
COMBAT_ACHIEVEMENT,ELITE,Araxxor Veteran,,
COMBAT_ACHIEVEMENT,ELITE,Araxxor Speed-Trialist,,
COMBAT_ACHIEVEMENT,ELITE,Reflecting on This Encounter,,
COMBAT_ACHIEVEMENT,ELITE,Callisto Veteran,,
COMBAT_ACHIEVEMENT,ELITE,Unrequired Antifire,,
COMBAT_ACHIEVEMENT,ELITE,Ghost Buster,,
COMBAT_ACHIEVEMENT,ELITE,Cerberus Veteran,,
COMBAT_ACHIEVEMENT,ELITE,Anti-Bite Mechanics,,
COMBAT_ACHIEVEMENT,ELITE,Undying Raid Team,,
COMBAT_ACHIEVEMENT,ELITE,Together We'll Fall,,
COMBAT_ACHIEVEMENT,ELITE,Shayzien Specialist,,
COMBAT_ACHIEVEMENT,ELITE,Redemption Enthusiast,,
COMBAT_ACHIEVEMENT,ELITE,Perfectly Balanced,,
COMBAT_ACHIEVEMENT,ELITE,Mutta-diet,,
COMBAT_ACHIEVEMENT,ELITE,Kill It with Fire,,
COMBAT_ACHIEVEMENT,ELITE,Dancing with Statues,,
COMBAT_ACHIEVEMENT,ELITE,Cryo No More,,
COMBAT_ACHIEVEMENT,ELITE,Chambers of Xeric Veteran,,
COMBAT_ACHIEVEMENT,ELITE,Blizzard Dodger,,
COMBAT_ACHIEVEMENT,ELITE,Dust Seeker,,
COMBAT_ACHIEVEMENT,ELITE,Chaos Elemental Veteran,,
COMBAT_ACHIEVEMENT,ELITE,Reminisce,,
COMBAT_ACHIEVEMENT,ELITE,Commander Zilyana Veteran,,
COMBAT_ACHIEVEMENT,ELITE,Hot on Your Feet,,
COMBAT_ACHIEVEMENT,ELITE,Finding the Weak Spot,,
COMBAT_ACHIEVEMENT,ELITE,Corporeal Beast Veteran,,
COMBAT_ACHIEVEMENT,ELITE,Chicken Killer,,
COMBAT_ACHIEVEMENT,ELITE,Corrupted Gauntlet Veteran,,
COMBAT_ACHIEVEMENT,ELITE,"3, 2, 1 - Mage",,
COMBAT_ACHIEVEMENT,ELITE,Wolf Puncher,,
COMBAT_ACHIEVEMENT,ELITE,Gauntlet Veteran,,
COMBAT_ACHIEVEMENT,ELITE,Egniol Diet,,
COMBAT_ACHIEVEMENT,ELITE,Crystalline Warrior,,
COMBAT_ACHIEVEMENT,ELITE,"3, 2, 1 - Range",,
COMBAT_ACHIEVEMENT,ELITE,From One King to Another,,
COMBAT_ACHIEVEMENT,ELITE,Death to the Seer King,,
COMBAT_ACHIEVEMENT,ELITE,Toppling the Diarchy,,
COMBAT_ACHIEVEMENT,ELITE,Death to the Warrior King,,
COMBAT_ACHIEVEMENT,ELITE,Rapid Succession,,
COMBAT_ACHIEVEMENT,ELITE,Death to the Archer King,,
COMBAT_ACHIEVEMENT,ELITE,If Gorillas Could Fly,,
COMBAT_ACHIEVEMENT,ELITE,Hitting Them Where It Hurts,,
COMBAT_ACHIEVEMENT,ELITE,Exposed Doom,,
COMBAT_ACHIEVEMENT,ELITE,Doom Crawler,,
COMBAT_ACHIEVEMENT,ELITE,Doom Adept,,
COMBAT_ACHIEVEMENT,ELITE,Duke Sucellus Speed-Trialist,,
COMBAT_ACHIEVEMENT,ELITE,Duke Sucellus Adept,,
COMBAT_ACHIEVEMENT,ELITE,I was here first!,,
COMBAT_ACHIEVEMENT,ELITE,Furball,,
COMBAT_ACHIEVEMENT,ELITE,Denied,,
COMBAT_ACHIEVEMENT,ELITE,Fragment of Seren Speed-Trialist,,
COMBAT_ACHIEVEMENT,ELITE,Galvek Speed-Trialist,,
COMBAT_ACHIEVEMENT,ELITE,Ourg Freezer II,,
COMBAT_ACHIEVEMENT,ELITE,General Graardor Veteran,,
COMBAT_ACHIEVEMENT,ELITE,Hard Hitter,,
COMBAT_ACHIEVEMENT,ELITE,Glough Speed-Trialist,,
COMBAT_ACHIEVEMENT,ELITE,Perfect Grotesque Guardians,,
COMBAT_ACHIEVEMENT,ELITE,Grotesque Guardians Veteran,,
COMBAT_ACHIEVEMENT,ELITE,Grotesque Guardians Speed-Trialist,,
COMBAT_ACHIEVEMENT,ELITE,From Dusk...,,
COMBAT_ACHIEVEMENT,ELITE,Done before Dusk,,
COMBAT_ACHIEVEMENT,ELITE,Plant-Based Diet,,
COMBAT_ACHIEVEMENT,ELITE,Hespori Speed-Trialist,,
COMBAT_ACHIEVEMENT,ELITE,The Bane of Demons,,
COMBAT_ACHIEVEMENT,ELITE,K'ril Tsutsaroth Veteran,,
COMBAT_ACHIEVEMENT,ELITE,Demonic Defence,,
COMBAT_ACHIEVEMENT,ELITE,Prayer Smasher,,
COMBAT_ACHIEVEMENT,ELITE,Kalphite Queen Veteran,,
COMBAT_ACHIEVEMENT,ELITE,Insect Deflection,,
COMBAT_ACHIEVEMENT,ELITE,Ten-tacles,,
COMBAT_ACHIEVEMENT,ELITE,Kree'arra Veteran,,
COMBAT_ACHIEVEMENT,ELITE,Leviathan Speed-Trialist,,
COMBAT_ACHIEVEMENT,ELITE,Leviathan Adept,,
COMBAT_ACHIEVEMENT,ELITE,High Hitter,,
COMBAT_ACHIEVEMENT,ELITE,Nex Veteran,,
COMBAT_ACHIEVEMENT,ELITE,Nex Survivors,,
COMBAT_ACHIEVEMENT,ELITE,Versatile Drainer,,
COMBAT_ACHIEVEMENT,ELITE,Phantom Muspah Veteran,,
COMBAT_ACHIEVEMENT,ELITE,Phantom Muspah Speed-Trialist,,
COMBAT_ACHIEVEMENT,ELITE,Can't Escape,,
COMBAT_ACHIEVEMENT,ELITE,Phosani's Veteran,,
COMBAT_ACHIEVEMENT,ELITE,No time to pray,,
COMBAT_ACHIEVEMENT,ELITE,Scorpia Veteran,,
COMBAT_ACHIEVEMENT,ELITE,Up for the Challenge,,
COMBAT_ACHIEVEMENT,ELITE,Demon Evasion,,
COMBAT_ACHIEVEMENT,ELITE,Perfect Hueycoatl,,
COMBAT_ACHIEVEMENT,ELITE,Hueycoatl Veteran,,
COMBAT_ACHIEVEMENT,ELITE,Hueycoatl Speed-Trialist,,
COMBAT_ACHIEVEMENT,ELITE,Mimic Veteran,,
COMBAT_ACHIEVEMENT,ELITE,Sleep Tight,,
COMBAT_ACHIEVEMENT,ELITE,Nightmare Veteran,,
COMBAT_ACHIEVEMENT,ELITE,Nightmare (Solo) Speed-Trialist,,
COMBAT_ACHIEVEMENT,ELITE,Nightmare (5-Scale) Speed-Trialist,,
COMBAT_ACHIEVEMENT,ELITE,Explosion!,,
COMBAT_ACHIEVEMENT,ELITE,Theatre of Blood Veteran,,
COMBAT_ACHIEVEMENT,ELITE,They Won't Expect This,,
COMBAT_ACHIEVEMENT,ELITE,Pass It On,,
COMBAT_ACHIEVEMENT,ELITE,"Nylocas, On the Rocks",,
COMBAT_ACHIEVEMENT,ELITE,No-Pillar,,
COMBAT_ACHIEVEMENT,ELITE,Just To Be Safe,,
COMBAT_ACHIEVEMENT,ELITE,Don't Look at Me!,,
COMBAT_ACHIEVEMENT,ELITE,Chally Time,,
COMBAT_ACHIEVEMENT,ELITE,"Attack, Step, Wait",,
COMBAT_ACHIEVEMENT,ELITE,Appropriate Tools,,
COMBAT_ACHIEVEMENT,ELITE,Anticoagulants,,
COMBAT_ACHIEVEMENT,ELITE,Thermonuclear Veteran,,
COMBAT_ACHIEVEMENT,ELITE,Spec'd Out,,
COMBAT_ACHIEVEMENT,ELITE,Hazard Prevention,,
COMBAT_ACHIEVEMENT,ELITE,Tomb Explorer,,
COMBAT_ACHIEVEMENT,ELITE,Perfect Het,,
COMBAT_ACHIEVEMENT,ELITE,Perfect Crondis,,
COMBAT_ACHIEVEMENT,ELITE,Perfect Apmeken,,
COMBAT_ACHIEVEMENT,ELITE,No skipping allowed,,
COMBAT_ACHIEVEMENT,ELITE,I'm in a rush,,
COMBAT_ACHIEVEMENT,ELITE,Helpful spirit who?,,
COMBAT_ACHIEVEMENT,ELITE,Hardcore Tombs,,
COMBAT_ACHIEVEMENT,ELITE,Hardcore Raiders,,
COMBAT_ACHIEVEMENT,ELITE,Dropped the ball,,
COMBAT_ACHIEVEMENT,ELITE,Down Do Specs,,
COMBAT_ACHIEVEMENT,ELITE,Novice Tomb Raider,,
COMBAT_ACHIEVEMENT,ELITE,Expert Tomb Explorer,,
COMBAT_ACHIEVEMENT,ELITE,Unending Torment,,
COMBAT_ACHIEVEMENT,ELITE,Two Times the Torment,,
COMBAT_ACHIEVEMENT,ELITE,Through Fire and Flames,,
COMBAT_ACHIEVEMENT,ELITE,Rapid Reload,,
COMBAT_ACHIEVEMENT,ELITE,TzHaar-Ket-Rak's Speed-Trialist,,
COMBAT_ACHIEVEMENT,ELITE,The II Jad Challenge,,
COMBAT_ACHIEVEMENT,ELITE,Facing Jad Head-on III,,
COMBAT_ACHIEVEMENT,ELITE,Half-Way There,,
COMBAT_ACHIEVEMENT,ELITE,Fight Caves Veteran,,
COMBAT_ACHIEVEMENT,ELITE,Facing Jad Head-on,,
COMBAT_ACHIEVEMENT,ELITE,A Near Miss!,,
COMBAT_ACHIEVEMENT,ELITE,Vardorvis Speed-Trialist,,
COMBAT_ACHIEVEMENT,ELITE,Vardorvis Adept,,
COMBAT_ACHIEVEMENT,ELITE,Venenatis Veteran,,
COMBAT_ACHIEVEMENT,ELITE,Vet'eran,,
COMBAT_ACHIEVEMENT,ELITE,Zombie Destroyer,,
COMBAT_ACHIEVEMENT,ELITE,Vorkath Veteran,,
COMBAT_ACHIEVEMENT,ELITE,Stick 'em With the Pointy End,,
COMBAT_ACHIEVEMENT,ELITE,Whisperer Speed-Trialist,,
COMBAT_ACHIEVEMENT,ELITE,Whisperer Adept,,
COMBAT_ACHIEVEMENT,ELITE,Tentacular,,
COMBAT_ACHIEVEMENT,ELITE,Yama Speed-Trialist,,
COMBAT_ACHIEVEMENT,ELITE,Yama Adept,,
COMBAT_ACHIEVEMENT,ELITE,Back so soon?,,
COMBAT_ACHIEVEMENT,ELITE,Zalcano Veteran,,
COMBAT_ACHIEVEMENT,ELITE,The Spurned Hero,,
COMBAT_ACHIEVEMENT,ELITE,Team Player,,
COMBAT_ACHIEVEMENT,ELITE,Perfect Zalcano,,
COMBAT_ACHIEVEMENT,ELITE,Zulrah Veteran,,
COMBAT_ACHIEVEMENT,ELITE,Zulrah Speed-Trialist,,
COMBAT_ACHIEVEMENT,ELITE,Snake. Snake!? Snaaaaaake!,,
COMBAT_ACHIEVEMENT,ELITE,Snake Rebound,,
COLLECTION_LOG,MASTER,Infernal Cape,,
COLLECTION_LOG,MASTER,Get 3 new uniques from easy clues,,
COLLECTION_LOG,MASTER,Get 3 new uniques from easy clues,,
COLLECTION_LOG,MASTER,Get 3 new uniques from easy clues,,
COLLECTION_LOG,MASTER,Get 3 new uniques from easy clues,,
COLLECTION_LOG,MASTER,Get 3 new uniques from easy clues,,
COLLECTION_LOG,MASTER,Get 3 new uniques from medium clues,,
COLLECTION_LOG,MASTER,Get 3 new uniques from medium clues,,
COLLECTION_LOG,MASTER,Get 3 new uniques from medium clues,,
COLLECTION_LOG,MASTER,Get 3 new uniques from medium clues,,
COLLECTION_LOG,MASTER,Get 3 new uniques from medium clues,,
COLLECTION_LOG,MASTER,Get 3 new uniques from medium clues,,
COLLECTION_LOG,MASTER,Get 3 new uniques from hard clues,,
COLLECTION_LOG,MASTER,Get 3 new uniques from hard clues,,
COLLECTION_LOG,MASTER,Get 3 new uniques from hard clues,,
COLLECTION_LOG,MASTER,Get 3 new uniques from hard clues,,
COLLECTION_LOG,MASTER,Get 3 new uniques from hard clues,,
COLLECTION_LOG,MASTER,Get 3 new uniques from hard clues,,
COLLECTION_LOG,MASTER,1 Minigame log slot,,
COLLECTION_LOG,MASTER,1 Minigame log slot,,
COLLECTION_LOG,MASTER,1 Minigame log slot,,
COLLECTION_LOG,MASTER,1 Minigame log slot,,
COLLECTION_LOG,MASTER,Get 2 LMS log slots,,
COLLECTION_LOG,MASTER,Get 2 LMS log slots,,
COLLECTION_LOG,MASTER,Get 2 LMS log slots,,
COLLECTION_LOG,MASTER,Get 2 LMS log slots,,
COLLECTION_LOG,MASTER,Get 2 LMS log slots,,
COLLECTION_LOG,MASTER,Get 2 LMS log slots,,
COLLECTION_LOG,MASTER,Get 1 CoX log slot,,
COLLECTION_LOG,MASTER,Get 1 CoX log slot,,
COLLECTION_LOG,MASTER,Get 1 CoX log slot,,
COLLECTION_LOG,MASTER,Get 1 CoX log slot,,
COLLECTION_LOG,MASTER,Get 1 CoX log slot,,
COLLECTION_LOG,MASTER,Get 1 CoX log slot,,
COLLECTION_LOG,MASTER,Get 1 CoX log slot,,
COLLECTION_LOG,MASTER,Get 1 CoX log slot,,
COLLECTION_LOG,MASTER,Get 1 ToB log slot,,
COLLECTION_LOG,MASTER,Get 1 ToB log slot,,
COLLECTION_LOG,MASTER,Get 1 ToB log slot,,
COLLECTION_LOG,MASTER,Get 1 ToB log slot,,
COLLECTION_LOG,MASTER,Get 1 ToB log slot,,
COLLECTION_LOG,MASTER,Get 1 ToB log slot,,
COLLECTION_LOG,MASTER,Get 1 ToB log slot,,
COLLECTION_LOG,MASTER,Get 1 ToA log slot,,
COLLECTION_LOG,MASTER,Get 1 ToA log slot,,
COLLECTION_LOG,MASTER,Get 1 ToA log slot,,
COLLECTION_LOG,MASTER,Get 1 ToA log slot,,
COLLECTION_LOG,MASTER,Get 1 ToA log slot,,
COLLECTION_LOG,MASTER,Get 1 ToA log slot,,
COLLECTION_LOG,MASTER,Get 1 ToA log slot,,
COLLECTION_LOG,MASTER,Get 1 ToA log slot,,
COLLECTION_LOG,MASTER,Get 1 ToA log slot,,
COLLECTION_LOG,MASTER,Get 1 Boss pet or jar,,
COLLECTION_LOG,MASTER,Get 1 Boss pet or jar,,
COLLECTION_LOG,MASTER,Get 1 Boss pet or jar,,
COLLECTION_LOG,MASTER,Get 1 Boss pet or jar,,
COLLECTION_LOG,MASTER,Get 1 Boss pet or jar,,
COLLECTION_LOG,MASTER,Get 1 Boss pet or jar,,
COLLECTION_LOG,MASTER,Get 1 Boss pet or jar,,
COLLECTION_LOG,MASTER,Get 1 Boss pet or jar,,
COLLECTION_LOG,MASTER,Get 1 Boss pet or jar,,
COLLECTION_LOG,MASTER,Get 1 Boss pet or jar,,
COLLECTION_LOG,MASTER,Get 1 Boss pet or jar,,
COLLECTION_LOG,MASTER,Get 1 Boss pet or jar,,
COLLECTION_LOG,MASTER,Get 1 Boss pet or jar,,
COLLECTION_LOG,MASTER,Get 1 Boss pet or jar,,
COLLECTION_LOG,MASTER,Get 1 Boss pet or jar,,
COLLECTION_LOG,MASTER,Get 1 Skilling pet,,
COLLECTION_LOG,MASTER,Get 1 Skilling pet,,
COLLECTION_LOG,MASTER,Get 1 Skilling pet,,
COLLECTION_LOG,MASTER,Get 1 Wildy unique,,
COLLECTION_LOG,MASTER,Get 1 Wildy unique,,
COLLECTION_LOG,MASTER,Get 1 Wildy unique,,
COLLECTION_LOG,MASTER,Get 1 Wildy unique,,
COLLECTION_LOG,MASTER,Get 1 Wildy unique,,
COLLECTION_LOG,MASTER,Get 1 Wildy unique,,
COLLECTION_LOG,MASTER,Get 1 Wildy unique,,
COLLECTION_LOG,MASTER,Get 1 Wildy unique,,
COLLECTION_LOG,MASTER,Get 1 Wildy unique,,
COLLECTION_LOG,MASTER,Get 1 Wildy unique,,
COLLECTION_LOG,MASTER,Get 1 Slayer log slot,,
COLLECTION_LOG,MASTER,Get 1 Slayer log slot,,
COLLECTION_LOG,MASTER,Get 1 Slayer log slot,,
COLLECTION_LOG,MASTER,Get 1 Slayer log slot,,
COLLECTION_LOG,MASTER,Get 1 Slayer log slot,,
COLLECTION_LOG,MASTER,Get 1 Miscellaneous log slot,,
COLLECTION_LOG,MASTER,Get 1 Miscellaneous log slot,,
COLLECTION_LOG,MASTER,Get 1 Miscellaneous log slot,,
COLLECTION_LOG,MASTER,Get 1 Miscellaneous log slot,,
COLLECTION_LOG,MASTER,Get 1 Miscellaneous log slot,,
COLLECTION_LOG,MASTER,1 Sigil from the Corporeal Beast,,
COLLECTION_LOG,MASTER,1 Mutagen from Zulrah,,
COLLECTION_LOG,MASTER,1 Zalcano Unique,,
COLLECTION_LOG,MASTER,1 Vorkath Unique,,
COLLECTION_LOG,MASTER,1 Nightmare unique,,
COLLECTION_LOG,MASTER,1 Nightmare unique,,
COLLECTION_LOG,MASTER,1 Nightmare unique,,
COLLECTION_LOG,MASTER,1 Nightmare unique,,
COLLECTION_LOG,MASTER,1 Nightmare unique,,
COLLECTION_LOG,MASTER,1 Nex unique,,
COLLECTION_LOG,MASTER,1 Nex unique,,
COLLECTION_LOG,MASTER,1 Nex unique,,
COLLECTION_LOG,MASTER,1 level 99 cape,,
COLLECTION_LOG,MASTER,1 level 99 cape,,
COLLECTION_LOG,MASTER,1 level 99 cape,,
COLLECTION_LOG,MASTER,1 level 99 cape,,
COLLECTION_LOG,MASTER,1 level 99 cape,,
COLLECTION_LOG,MASTER,1 level 99 cape,,
COLLECTION_LOG,MASTER,1 level 99 cape,,
COLLECTION_LOG,MASTER,1 level 99 cape,,
COLLECTION_LOG,MASTER,1 level 99 cape,,
COLLECTION_LOG,MASTER,1 level 99 cape,,
COLLECTION_LOG,MASTER,1 level 99 cape,,
COLLECTION_LOG,MASTER,1 level 99 cape,,
COLLECTION_LOG,MASTER,1 level 99 cape,,
COLLECTION_LOG,MASTER,1 level 99 cape,,
COLLECTION_LOG,MASTER,1 level 99 cape,,
COLLECTION_LOG,MASTER,1 level 99 cape,,
COLLECTION_LOG,MASTER,1 level 99 cape,,
COLLECTION_LOG,MASTER,1 level 99 cape,,
COLLECTION_LOG,MASTER,1 level 99 cape,,
COLLECTION_LOG,MASTER,1 level 99 cape,,
COLLECTION_LOG,MASTER,1 level 99 cape,,
COLLECTION_LOG,MASTER,1 level 99 cape,,
COLLECTION_LOG,MASTER,1 level 99 cape,,
COLLECTION_LOG,MASTER,1 level 99 cape,,
COLLECTION_LOG,MASTER,1 unique from DT2 bosses,,
COLLECTION_LOG,MASTER,1 unique from DT2 bosses,,
COLLECTION_LOG,MASTER,1 unique from DT2 bosses,,
COLLECTION_LOG,MASTER,1 unique from DT2 bosses,,
COLLECTION_LOG,MASTER,1 unique from DT2 bosses,,
COLLECTION_LOG,MASTER,1 unique from DT2 bosses,,
COLLECTION_LOG,MASTER,1 unique from DT2 bosses,,
COLLECTION_LOG,MASTER,1 unique from DT2 bosses,,
COLLECTION_LOG,MASTER,1 unique from DT2 bosses,,
COLLECTION_LOG,MASTER,1 unique from DT2 bosses,,
COLLECTION_LOG,MASTER,1 Fortis Colosseum unique,,
COLLECTION_LOG,MASTER,1 Fortis Colosseum unique,,
COLLECTION_LOG,MASTER,1 Fortis Colosseum unique,,
COLLECTION_LOG,MASTER,Obtain the Quetzin,,
COLLECTION_LOG,MASTER,Get 1 unique from Yama,,
COLLECTION_LOG,MASTER,Get 1 unique from Yama,,
COLLECTION_LOG,MASTER,Get 1 unique from Yama,,
COLLECTION_LOG,MASTER,Get 1 unique from Doom of Mokhaiotl,,
COLLECTION_LOG,MASTER,Get the Salvor's paint,,
COMBAT_ACHIEVEMENT,MASTER,Don't Flame Me,,
COMBAT_ACHIEVEMENT,MASTER,The Flame Skipper,,
COMBAT_ACHIEVEMENT,MASTER,Unrequired Antipoisons,,
COMBAT_ACHIEVEMENT,MASTER,Mixing Correctly,,
COMBAT_ACHIEVEMENT,MASTER,Alcleanical Hydra,,
COMBAT_ACHIEVEMENT,MASTER,Alchemical Speed-Chaser,,
COMBAT_ACHIEVEMENT,MASTER,Lightning Lure,,
COMBAT_ACHIEVEMENT,MASTER,Working Overtime,,
COMBAT_ACHIEVEMENT,MASTER,Alchemical Master,,
COMBAT_ACHIEVEMENT,MASTER,Araxxor Speed-Chaser,,
COMBAT_ACHIEVEMENT,MASTER,Perfect Araxxor,,
COMBAT_ACHIEVEMENT,MASTER,Arachnid Lover,,
COMBAT_ACHIEVEMENT,MASTER,Araxyte Betrayal,,
COMBAT_ACHIEVEMENT,MASTER,Let it seep in,,
COMBAT_ACHIEVEMENT,MASTER,Araxxor Master,,
COMBAT_ACHIEVEMENT,MASTER,Arooo No More,,
COMBAT_ACHIEVEMENT,MASTER,Cerberus Master,,
COMBAT_ACHIEVEMENT,MASTER,Chambers of Xeric Master,,
COMBAT_ACHIEVEMENT,MASTER,No Time for Death,,
COMBAT_ACHIEVEMENT,MASTER,Undying Raider,,
COMBAT_ACHIEVEMENT,MASTER,Chambers of Xeric (Solo) Speed-Chaser,,
COMBAT_ACHIEVEMENT,MASTER,Perfect Olm (Trio),,
COMBAT_ACHIEVEMENT,MASTER,Putting It Olm on the Line,,
COMBAT_ACHIEVEMENT,MASTER,Playing with Lasers,,
COMBAT_ACHIEVEMENT,MASTER,Chambers of Xeric (Trio) Speed-Chaser,,
COMBAT_ACHIEVEMENT,MASTER,A Not So Special Lizard,,
COMBAT_ACHIEVEMENT,MASTER,Anvil No More,,
COMBAT_ACHIEVEMENT,MASTER,Stop Drop and Roll,,
COMBAT_ACHIEVEMENT,MASTER,Blind Spot,,
COMBAT_ACHIEVEMENT,MASTER,Perfect Olm (Solo),,
COMBAT_ACHIEVEMENT,MASTER,Chambers of Xeric (5-Scale) Speed-Chaser,,
COMBAT_ACHIEVEMENT,MASTER,Immortal Raider,,
COMBAT_ACHIEVEMENT,MASTER,Immortal Raid Team,,
COMBAT_ACHIEVEMENT,MASTER,Chambers of Xeric: CM (Trio) Speed-Chaser,,
COMBAT_ACHIEVEMENT,MASTER,Chambers of Xeric: CM (5-Scale) Speed-Chaser,,
COMBAT_ACHIEVEMENT,MASTER,Chambers of Xeric: CM (Solo) Speed-Chaser,,
COMBAT_ACHIEVEMENT,MASTER,Chambers of Xeric: CM Master,,
COMBAT_ACHIEVEMENT,MASTER,Moving Collateral,,
COMBAT_ACHIEVEMENT,MASTER,Corporeal Beast Master,,
COMBAT_ACHIEVEMENT,MASTER,Perfect Corrupted Hunllef,,
COMBAT_ACHIEVEMENT,MASTER,Defence Doesn't Matter II,,
COMBAT_ACHIEVEMENT,MASTER,Corrupted Warrior,,
COMBAT_ACHIEVEMENT,MASTER,Corrupted Gauntlet Speed-Chaser,,
COMBAT_ACHIEVEMENT,MASTER,Corrupted Gauntlet Master,,
COMBAT_ACHIEVEMENT,MASTER,Defence Doesn't Matter,,
COMBAT_ACHIEVEMENT,MASTER,Perfect Crystalline Hunllef,,
COMBAT_ACHIEVEMENT,MASTER,Gauntlet Master,,
COMBAT_ACHIEVEMENT,MASTER,Gauntlet Speed-Chaser,,
COMBAT_ACHIEVEMENT,MASTER,Doom Chaser,,
COMBAT_ACHIEVEMENT,MASTER,Mine's Better,,
COMBAT_ACHIEVEMENT,MASTER,Mokhaiotl Drift,,
COMBAT_ACHIEVEMENT,MASTER,Doom Veteran,,
COMBAT_ACHIEVEMENT,MASTER,Grub Patrol,,
COMBAT_ACHIEVEMENT,MASTER,Perfect Duke Sucellus,,
COMBAT_ACHIEVEMENT,MASTER,Duke Sucellus Master,,
COMBAT_ACHIEVEMENT,MASTER,Duke Sucellus Speed-Chaser,,
COMBAT_ACHIEVEMENT,MASTER,Cold Feet,,
COMBAT_ACHIEVEMENT,MASTER,One-off,,
COMBAT_ACHIEVEMENT,MASTER,Colosseum Speed-Chaser,,
COMBAT_ACHIEVEMENT,MASTER,Showboating,,
COMBAT_ACHIEVEMENT,MASTER,I Brought Mine Too,,
COMBAT_ACHIEVEMENT,MASTER,Sportsmanship,,
COMBAT_ACHIEVEMENT,MASTER,... 'til Dawn,,
COMBAT_ACHIEVEMENT,MASTER,Grotesque Guardians Speed-Chaser,,
COMBAT_ACHIEVEMENT,MASTER,Perfect Grotesque Guardians II,,
COMBAT_ACHIEVEMENT,MASTER,Hespori Speed-Chaser,,
COMBAT_ACHIEVEMENT,MASTER,One Hundred Tentacles,,
COMBAT_ACHIEVEMENT,MASTER,Collateral Damage,,
COMBAT_ACHIEVEMENT,MASTER,Swoop No More,,
COMBAT_ACHIEVEMENT,MASTER,Perfect Leviathan,,
COMBAT_ACHIEVEMENT,MASTER,Leviathan Speed-Chaser,,
COMBAT_ACHIEVEMENT,MASTER,Leviathan Master,,
COMBAT_ACHIEVEMENT,MASTER,Serpentine Solo,,
COMBAT_ACHIEVEMENT,MASTER,A siphon will solve this,,
COMBAT_ACHIEVEMENT,MASTER,There is no escape!,,
COMBAT_ACHIEVEMENT,MASTER,Contain this!,,
COMBAT_ACHIEVEMENT,MASTER,Nex Master,,
COMBAT_ACHIEVEMENT,MASTER,Nex Trio,,
COMBAT_ACHIEVEMENT,MASTER,Shadows Move...,,
COMBAT_ACHIEVEMENT,MASTER,Essence Farmer,,
COMBAT_ACHIEVEMENT,MASTER,More than just a ranged weapon,,
COMBAT_ACHIEVEMENT,MASTER,Phantom Muspah Master,,
COMBAT_ACHIEVEMENT,MASTER,Phantom Muspah Speed-Chaser,,
COMBAT_ACHIEVEMENT,MASTER,Walk Straight Pray True,,
COMBAT_ACHIEVEMENT,MASTER,Space is Tight,,
COMBAT_ACHIEVEMENT,MASTER,Dreamland Express,,
COMBAT_ACHIEVEMENT,MASTER,Phosani's Master,,
COMBAT_ACHIEVEMENT,MASTER,Phosani's Speedchaser,,
COMBAT_ACHIEVEMENT,MASTER,I Would Simply React,,
COMBAT_ACHIEVEMENT,MASTER,Crush Hour,,
COMBAT_ACHIEVEMENT,MASTER,Precise Positioning,,
COMBAT_ACHIEVEMENT,MASTER,Is it a bird?,,
COMBAT_ACHIEVEMENT,MASTER,Hueycoatl Speed-Chaser,,
COMBAT_ACHIEVEMENT,MASTER,Perfect Nightmare,,
COMBAT_ACHIEVEMENT,MASTER,Nightmare Master,,
COMBAT_ACHIEVEMENT,MASTER,Nightmare (Solo) Speed-Chaser,,
COMBAT_ACHIEVEMENT,MASTER,Nightmare (5-Scale) Speed-Chaser,,
COMBAT_ACHIEVEMENT,MASTER,Theatre of Blood Master,,
COMBAT_ACHIEVEMENT,MASTER,Perfect Xarpus,,
COMBAT_ACHIEVEMENT,MASTER,Pop It,,
COMBAT_ACHIEVEMENT,MASTER,Can You Dance?,,
COMBAT_ACHIEVEMENT,MASTER,Perfect Bloat,,
COMBAT_ACHIEVEMENT,MASTER,Perfect Sotetseg,,
COMBAT_ACHIEVEMENT,MASTER,Back in My Day...,,
COMBAT_ACHIEVEMENT,MASTER,Can't Drain This,,
COMBAT_ACHIEVEMENT,MASTER,Theatre (5-Scale) Speed-Chaser,,
COMBAT_ACHIEVEMENT,MASTER,Perfect Nylocas,,
COMBAT_ACHIEVEMENT,MASTER,Two-Down,,
COMBAT_ACHIEVEMENT,MASTER,Perfect Verzik,,
COMBAT_ACHIEVEMENT,MASTER,Perfect Maiden,,
COMBAT_ACHIEVEMENT,MASTER,Theatre (Trio) Speed-Chaser,,
COMBAT_ACHIEVEMENT,MASTER,Theatre (4-Scale) Speed-Chaser,,
COMBAT_ACHIEVEMENT,MASTER,A Timely Snack,,
COMBAT_ACHIEVEMENT,MASTER,Theatre of Blood: SM Speed-Chaser,,
COMBAT_ACHIEVEMENT,MASTER,Hard Mode? Completed It,,
COMBAT_ACHIEVEMENT,MASTER,Perfect Kephri,,
COMBAT_ACHIEVEMENT,MASTER,You are not prepared,,
COMBAT_ACHIEVEMENT,MASTER,Perfect Ba-Ba,,
COMBAT_ACHIEVEMENT,MASTER,Perfect Akkha,,
COMBAT_ACHIEVEMENT,MASTER,Perfect Zebak,,
COMBAT_ACHIEVEMENT,MASTER,Tomb Raider,,
COMBAT_ACHIEVEMENT,MASTER,Perfect Wardens,,
COMBAT_ACHIEVEMENT,MASTER,Chompington,,
COMBAT_ACHIEVEMENT,MASTER,Tombs Speed Runner,,
COMBAT_ACHIEVEMENT,MASTER,Better get movin',,
COMBAT_ACHIEVEMENT,MASTER,Perfect Scabaras,,
COMBAT_ACHIEVEMENT,MASTER,Tomb Looter,,
COMBAT_ACHIEVEMENT,MASTER,Ba-Bananza,,
COMBAT_ACHIEVEMENT,MASTER,Rockin' around the croc,,
COMBAT_ACHIEVEMENT,MASTER,Doesn't bug me,,
COMBAT_ACHIEVEMENT,MASTER,Expert Tomb Looter,,
COMBAT_ACHIEVEMENT,MASTER,Fancy feet,,
COMBAT_ACHIEVEMENT,MASTER,All out of medics,,
COMBAT_ACHIEVEMENT,MASTER,Resourceful Raider,,
COMBAT_ACHIEVEMENT,MASTER,Something of an expert myself,,
COMBAT_ACHIEVEMENT,MASTER,Warden't you believe it,,
COMBAT_ACHIEVEMENT,MASTER,But... Damage,,
COMBAT_ACHIEVEMENT,MASTER,Three Times the Thrashing,,
COMBAT_ACHIEVEMENT,MASTER,Supplies? Who Needs 'em?,,
COMBAT_ACHIEVEMENT,MASTER,Multi-Style Specialist,,
COMBAT_ACHIEVEMENT,MASTER,Facing Jad Head-on IV,,
COMBAT_ACHIEVEMENT,MASTER,The IV Jad Challenge,,
COMBAT_ACHIEVEMENT,MASTER,TzHaar-Ket-Rak's Speed-Chaser,,
COMBAT_ACHIEVEMENT,MASTER,"Nibblers, Begone!",,
COMBAT_ACHIEVEMENT,MASTER,Denying the Healers,,
COMBAT_ACHIEVEMENT,MASTER,Fight Caves Master,,
COMBAT_ACHIEVEMENT,MASTER,Fight Caves Speed-Chaser,,
COMBAT_ACHIEVEMENT,MASTER,You Didn't Say Anything About a Bat,,
COMBAT_ACHIEVEMENT,MASTER,Budget Cutter,,
COMBAT_ACHIEVEMENT,MASTER,Vardorvis Master,,
COMBAT_ACHIEVEMENT,MASTER,Perfect Vardorvis,,
COMBAT_ACHIEVEMENT,MASTER,Vardorvis Speed-Chaser,,
COMBAT_ACHIEVEMENT,MASTER,Vorkath Speed-Chaser,,
COMBAT_ACHIEVEMENT,MASTER,Extended Encounter,,
COMBAT_ACHIEVEMENT,MASTER,The Walk,,
COMBAT_ACHIEVEMENT,MASTER,Dodging the Dragon,,
COMBAT_ACHIEVEMENT,MASTER,Vorkath Master,,
COMBAT_ACHIEVEMENT,MASTER,Perfect Whisperer,,
COMBAT_ACHIEVEMENT,MASTER,Whisperer Speed-Chaser,,
COMBAT_ACHIEVEMENT,MASTER,Whisperer Master,,
COMBAT_ACHIEVEMENT,MASTER,Yama Veteran,,
COMBAT_ACHIEVEMENT,MASTER,Yama Speed-Chaser,,
COMBAT_ACHIEVEMENT,MASTER,Shadow dancer,,
COMBAT_ACHIEVEMENT,MASTER,"No toppings, no drinks, thanks",,
COMBAT_ACHIEVEMENT,MASTER,Fire fighter,,
COMBAT_ACHIEVEMENT,MASTER,Zulrah Master,,
COMBAT_ACHIEVEMENT,MASTER,Zulrah Speed-Chaser,,
COMBAT_ACHIEVEMENT,MASTER,Perfect Zulrah,,
COMBAT_ACHIEVEMENT,GRANDMASTER,Alchemical Speed-Runner,,
COMBAT_ACHIEVEMENT,GRANDMASTER,No Pressure,,
COMBAT_ACHIEVEMENT,GRANDMASTER,Swimming in Venom,,
COMBAT_ACHIEVEMENT,GRANDMASTER,Perfect Araxxor 2,,
COMBAT_ACHIEVEMENT,GRANDMASTER,Araxxor Speed-Runner,,
COMBAT_ACHIEVEMENT,GRANDMASTER,Chambers of Xeric (5-Scale) Speed-Runner,,
COMBAT_ACHIEVEMENT,GRANDMASTER,Chambers of Xeric (Trio) Speed-Runner,,
COMBAT_ACHIEVEMENT,GRANDMASTER,Chambers of Xeric Grandmaster,,
COMBAT_ACHIEVEMENT,GRANDMASTER,Chambers of Xeric (Solo) Speed-Runner,,
COMBAT_ACHIEVEMENT,GRANDMASTER,Chambers of Xeric: CM (Trio) Speed-Runner,,
COMBAT_ACHIEVEMENT,GRANDMASTER,Chambers of Xeric: CM Grandmaster,,
COMBAT_ACHIEVEMENT,GRANDMASTER,Chambers of Xeric: CM (5-Scale) Speed-Runner,,
COMBAT_ACHIEVEMENT,GRANDMASTER,Chambers of Xeric: CM (Solo) Speed-Runner,,
COMBAT_ACHIEVEMENT,GRANDMASTER,Animal Whisperer,,
COMBAT_ACHIEVEMENT,GRANDMASTER,Peach Conjurer,,
COMBAT_ACHIEVEMENT,GRANDMASTER,Egniol Diet II,,
COMBAT_ACHIEVEMENT,GRANDMASTER,Corrupted Gauntlet Grandmaster,,
COMBAT_ACHIEVEMENT,GRANDMASTER,Wolf Puncher II,,
COMBAT_ACHIEVEMENT,GRANDMASTER,Corrupted Gauntlet Speed-Runner,,
COMBAT_ACHIEVEMENT,GRANDMASTER,Gauntlet Speed-Runner,,
COMBAT_ACHIEVEMENT,GRANDMASTER,Duel of Mokhaiotl,,
COMBAT_ACHIEVEMENT,GRANDMASTER,Perfect Doom,,
COMBAT_ACHIEVEMENT,GRANDMASTER,The Praying Mantis,,
COMBAT_ACHIEVEMENT,GRANDMASTER,Doom Racer,,
COMBAT_ACHIEVEMENT,GRANDMASTER,Darkness Is Your Ally?,,
COMBAT_ACHIEVEMENT,GRANDMASTER,It's Dark Down Here,,
COMBAT_ACHIEVEMENT,GRANDMASTER,Mopping up,,
COMBAT_ACHIEVEMENT,GRANDMASTER,Duke Sucellus Sleeper,,
COMBAT_ACHIEVEMENT,GRANDMASTER,Mirror Image,,
COMBAT_ACHIEVEMENT,GRANDMASTER,Duke Sucellus Speed-Runner,,
COMBAT_ACHIEVEMENT,GRANDMASTER,Reinforcements,,
COMBAT_ACHIEVEMENT,GRANDMASTER,Slow Dancing in the Sand,,
COMBAT_ACHIEVEMENT,GRANDMASTER,Perfect Footwork,,
COMBAT_ACHIEVEMENT,GRANDMASTER,Colosseum Speed-Runner,,
COMBAT_ACHIEVEMENT,GRANDMASTER,Colosseum Grand Champion,,
COMBAT_ACHIEVEMENT,GRANDMASTER,Keep Away,,
COMBAT_ACHIEVEMENT,GRANDMASTER,Defence Matters,,
COMBAT_ACHIEVEMENT,GRANDMASTER,Ourg Killer,,
COMBAT_ACHIEVEMENT,GRANDMASTER,Grotesque Guardians Speed-Runner,,
COMBAT_ACHIEVEMENT,GRANDMASTER,Demon Whisperer,,
COMBAT_ACHIEVEMENT,GRANDMASTER,Ash Collector,,
COMBAT_ACHIEVEMENT,GRANDMASTER,The Worst Ranged Weapon,,
COMBAT_ACHIEVEMENT,GRANDMASTER,Feather Hunter,,
COMBAT_ACHIEVEMENT,GRANDMASTER,Leviathan Sleeper,,
COMBAT_ACHIEVEMENT,GRANDMASTER,Leviathan Speed-Runner,,
COMBAT_ACHIEVEMENT,GRANDMASTER,Unconventional,,
COMBAT_ACHIEVEMENT,GRANDMASTER,Nex Duo,,
COMBAT_ACHIEVEMENT,GRANDMASTER,Perfect Nex,,
COMBAT_ACHIEVEMENT,GRANDMASTER,I should see a doctor,,
COMBAT_ACHIEVEMENT,GRANDMASTER,Phantom Muspah Speed-Runner,,
COMBAT_ACHIEVEMENT,GRANDMASTER,Phantom Muspah Manipulator,,
COMBAT_ACHIEVEMENT,GRANDMASTER,Phosani's Grandmaster,,
COMBAT_ACHIEVEMENT,GRANDMASTER,Perfect Phosani's Nightmare,,
COMBAT_ACHIEVEMENT,GRANDMASTER,Can't Wake Up,,
COMBAT_ACHIEVEMENT,GRANDMASTER,Phosani's Speedrunner,,
COMBAT_ACHIEVEMENT,GRANDMASTER,Hueycoatl Speed-Runner,,
COMBAT_ACHIEVEMENT,GRANDMASTER,Nightmare (5-Scale) Speed-Runner,,
COMBAT_ACHIEVEMENT,GRANDMASTER,Terrible Parent,,
COMBAT_ACHIEVEMENT,GRANDMASTER,Nightmare (Solo) Speed-Runner,,
COMBAT_ACHIEVEMENT,GRANDMASTER,A Long Trip,,
COMBAT_ACHIEVEMENT,GRANDMASTER,Theatre (Duo) Speed-Runner,,
COMBAT_ACHIEVEMENT,GRANDMASTER,Theatre (Trio) Speed-Runner,,
COMBAT_ACHIEVEMENT,GRANDMASTER,Morytania Only,,
COMBAT_ACHIEVEMENT,GRANDMASTER,Perfect Theatre,,
COMBAT_ACHIEVEMENT,GRANDMASTER,Theatre (4-Scale) Speed-Runner,,
COMBAT_ACHIEVEMENT,GRANDMASTER,Theatre (5-Scale) Speed-Runner,,
COMBAT_ACHIEVEMENT,GRANDMASTER,Theatre of Blood Grandmaster,,
COMBAT_ACHIEVEMENT,GRANDMASTER,Theatre: HM (4-Scale) Speed-Runner,,
COMBAT_ACHIEVEMENT,GRANDMASTER,Harder Mode II,,
COMBAT_ACHIEVEMENT,GRANDMASTER,Nylo Sniper,,
COMBAT_ACHIEVEMENT,GRANDMASTER,Theatre: HM (5-Scale) Speed-Runner,,
COMBAT_ACHIEVEMENT,GRANDMASTER,Theatre: HM (Trio) Speed-Runner,,
COMBAT_ACHIEVEMENT,GRANDMASTER,Theatre of Blood: HM Grandmaster,,
COMBAT_ACHIEVEMENT,GRANDMASTER,Personal Space,,
COMBAT_ACHIEVEMENT,GRANDMASTER,Pack Like a Yak,,
COMBAT_ACHIEVEMENT,GRANDMASTER,Stop Right There!,,
COMBAT_ACHIEVEMENT,GRANDMASTER,Team Work Makes the Dream Work,,
COMBAT_ACHIEVEMENT,GRANDMASTER,Harder Mode I,,
COMBAT_ACHIEVEMENT,GRANDMASTER,Royal Affairs,,
COMBAT_ACHIEVEMENT,GRANDMASTER,Harder Mode III,,
COMBAT_ACHIEVEMENT,GRANDMASTER,Perfection of Apmeken,,
COMBAT_ACHIEVEMENT,GRANDMASTER,Perfection of Crondis,,
COMBAT_ACHIEVEMENT,GRANDMASTER,Perfection of Scabaras,,
COMBAT_ACHIEVEMENT,GRANDMASTER,Perfection of Het,,
COMBAT_ACHIEVEMENT,GRANDMASTER,Akkhan't Do it,,
COMBAT_ACHIEVEMENT,GRANDMASTER,Expert Tomb Raider,,
COMBAT_ACHIEVEMENT,GRANDMASTER,Tombs Speed Runner II,,
COMBAT_ACHIEVEMENT,GRANDMASTER,All Praise Zebak,,
COMBAT_ACHIEVEMENT,GRANDMASTER,Tombs Speed Runner III,,
COMBAT_ACHIEVEMENT,GRANDMASTER,Maybe I'm the boss.,,
COMBAT_ACHIEVEMENT,GRANDMASTER,Amascut's Remnant,,
COMBAT_ACHIEVEMENT,GRANDMASTER,Insanity,,
COMBAT_ACHIEVEMENT,GRANDMASTER,The VI Jad Challenge,,
COMBAT_ACHIEVEMENT,GRANDMASTER,TzHaar-Ket-Rak's Speed-Runner,,
COMBAT_ACHIEVEMENT,GRANDMASTER,It Wasn't a Fluke,,
COMBAT_ACHIEVEMENT,GRANDMASTER,Nibbler Chaser,,
COMBAT_ACHIEVEMENT,GRANDMASTER,Jad? What Are You Doing Here?,,
COMBAT_ACHIEVEMENT,GRANDMASTER,Playing with Jads,,
COMBAT_ACHIEVEMENT,GRANDMASTER,Facing Jad Head-on II,,
COMBAT_ACHIEVEMENT,GRANDMASTER,Wasn't Even Close,,
COMBAT_ACHIEVEMENT,GRANDMASTER,No Luck Required,,
COMBAT_ACHIEVEMENT,GRANDMASTER,The Floor Is Lava,,
COMBAT_ACHIEVEMENT,GRANDMASTER,Inferno Grandmaster,,
COMBAT_ACHIEVEMENT,GRANDMASTER,Budget Setup,,
COMBAT_ACHIEVEMENT,GRANDMASTER,Inferno Speed-Runner,,
COMBAT_ACHIEVEMENT,GRANDMASTER,Fight Caves Speed-Runner,,
COMBAT_ACHIEVEMENT,GRANDMASTER,No Time for a Drink,,
COMBAT_ACHIEVEMENT,GRANDMASTER,Denying the Healers II,,
COMBAT_ACHIEVEMENT,GRANDMASTER,Vardorvis Sleeper,,
COMBAT_ACHIEVEMENT,GRANDMASTER,Vardorvis Speed-Runner,,
COMBAT_ACHIEVEMENT,GRANDMASTER,Axe Enthusiast,,
COMBAT_ACHIEVEMENT,GRANDMASTER,Vorkath Speed-Runner,,
COMBAT_ACHIEVEMENT,GRANDMASTER,Faithless Encounter,,
COMBAT_ACHIEVEMENT,GRANDMASTER,The Fremennik Way,,
COMBAT_ACHIEVEMENT,GRANDMASTER,Whisperer Speed-Runner,,
COMBAT_ACHIEVEMENT,GRANDMASTER,Whispered,,
COMBAT_ACHIEVEMENT,GRANDMASTER,Dark Memories,,
COMBAT_ACHIEVEMENT,GRANDMASTER,Yama Speed-Runner,,
COMBAT_ACHIEVEMENT,GRANDMASTER,Contractually Unbound,,
COMBAT_ACHIEVEMENT,GRANDMASTER,Contract Choreographer,,
COMBAT_ACHIEVEMENT,GRANDMASTER,Zulrah Speed-Runner,,